subgroup,ycol,xvar,segment,x_start,x_end,pred_start,pred_end,clinical_step,clinical_step_label,signed_effect,window_lo,window_hi,window_source
All,rSO2_Ch1,ET_CO2,1,24.0,24.65,68.2619389668051,68.525704009964,5.0,CO2 +5 mmHg,2.0289618704530663,24.0,37.0,model_input_q05_q95
All,rSO2_Ch1,ET_CO2,2,24.65,25.3,68.525704009964,68.79276723749929,5.0,CO2 +5 mmHg,2.0543325195022137,24.0,37.0,model_input_q05_q95
All,rSO2_Ch1,ET_CO2,3,25.3,25.95,68.79276723749929,69.06214580638809,5.0,CO2 +5 mmHg,2.072142837606136,24.0,37.0,model_input_q05_q95
All,rSO2_Ch1,ET_CO2,4,25.95,26.6,69.06214580638809,69.3350161268853,5.0,CO2 +5 mmHg,2.099002465363108,24.0,37.0,model_input_q05_q95
All,rSO2_Ch1,ET_CO2,5,26.6,27.25,69.3350161268853,69.61268061553618,5.0,CO2 +5 mmHg,2.1358806819298874,24.0,37.0,model_input_q05_q95
All,rSO2_Ch1,ET_CO2,6,27.25,27.9,69.61268061553618,69.89648906238675,5.0,CO2 +5 mmHg,2.183141898850553,24.0,37.0,model_input_q05_q95
All,rSO2_Ch1,ET_CO2,7,27.9,28.55,69.89648906238675,70.18773501094677,5.0,CO2 +5 mmHg,2.24035345046167,24.0,37.0,model_input_q05_q95
All,rSO2_Ch1,ET_CO2,8,28.55,29.2,70.18773501094677,70.48769936484156,5.0,CO2 +5 mmHg,2.307418106883033,24.0,37.0,model_input_q05_q95
All,rSO2_Ch1,ET_CO2,9,29.2,29.85,70.48769936484156,70.79752236555754,5.0,CO2 +5 mmHg,2.383253851661376,24.0,37.0,model_input_q05_q95
All,rSO2_Ch1,ET_CO2,10,29.85,30.5,70.79752236555754,71.11811564174518,5.0,CO2 +5 mmHg,2.466102124520289,24.0,37.0,model_input_q05_q95
All,rSO2_Ch1,ET_CO2,11,30.5,31.15,71.11811564174518,71.45036855528893,5.0,CO2 +5 mmHg,2.555791642644274,24.0,37.0,model_input_q05_q95
All,rSO2_Ch1,ET_CO2,12,31.15,31.8,71.45036855528893,71.79520386714805,5.0,CO2 +5 mmHg,2.652579321993178,24.0,37.0,model_input_q05_q95
All,rSO2_Ch1,ET_CO2,13,31.8,32.45,71.79520386714805,72.15357508067235,5.0,CO2 +5 mmHg,2.756701642494664,24.0,37.0,model_input_q05_q95
All,rSO2_Ch1,ET_CO2,14,32.45,33.1,72.15357508067235,72.52627538250745,5.0,CO2 +5 mmHg,2.8669253987315106,24.0,37.0,model_input_q05_q95
All,rSO2_Ch1,ET_CO2,15,33.1,33.75,72.52627538250745,72.91285569029071,5.0,CO2 +5 mmHg,2.973694675255871,24.0,37.0,model_input_q05_q95
All,rSO2_Ch1,ET_CO2,16,33.75,34.4,72.91285569029071,73.30968087164037,5.0,CO2 +5 mmHg,3.0525013949973534,24.0,37.0,model_input_q05_q95
All,rSO2_Ch1,ET_CO2,17,34.4,35.05,73.30968087164037,73.71259083260283,5.0,CO2 +5 mmHg,3.099307392018937,24.0,37.0,model_input_q05_q95
All,rSO2_Ch1,ET_CO2,18,35.05,35.7,73.71259083260283,74.11742547922437,5.0,CO2 +5 mmHg,3.1141126663194942,24.0,37.0,model_input_q05_q95
All,rSO2_Ch1,ET_CO2,19,35.7,36.35,74.11742547922437,74.51997701162195,5.0,CO2 +5 mmHg,3.0965502492121684,24.0,37.0,model_input_q05_q95
All,rSO2_Ch1,ET_CO2,20,36.35,37.0,74.51997701162195,74.91605788075495,5.0,CO2 +5 mmHg,3.046775916407711,24.0,37.0,model_input_q05_q95
All,rSO2_Ch1,FiO2_new,1,46.0,48.45,70.52431315854942,70.40913440521493,5.0,FiO2 +5%,-0.23505868027446936,46.0,95.0,model_input_q05_q95
All,rSO2_Ch1,FiO2_new,2,48.45,50.9,70.40913440521493,70.35271357264457,5.0,FiO2 +5%,-0.11514455626602722,46.0,95.0,model_input_q05_q95
All,rSO2_Ch1,FiO2_new,3,50.9,53.35,70.35271357264457,70.37372431430326,5.0,FiO2 +5%,0.04287906460956139,46.0,95.0,model_input_q05_q95
All,rSO2_Ch1,FiO2_new,4,53.35,55.8,70.37372431430326,70.46034198714713,5.0,FiO2 +5%,0.17677076090586086,46.0,95.0,model_input_q05_q95
All,rSO2_Ch1,FiO2_new,5,55.8,58.25,70.46034198714713,70.59795720004313,5.0,FiO2 +5%,0.28084737325713116,46.0,95.0,model_input_q05_q95
All,rSO2_Ch1,FiO2_new,6,58.25,60.7,70.59795720004313,70.7712354887295,5.0,FiO2 +5%,0.3536291605844404,46.0,95.0,model_input_q05_q95
All,rSO2_Ch1,FiO2_new,7,60.7,63.15,70.7712354887295,70.95641639904716,5.0,FiO2 +5%,0.37792022513807194,46.0,95.0,model_input_q05_q95
All,rSO2_Ch1,FiO2_new,8,63.15,65.6,70.95641639904716,71.1136665897699,5.0,FiO2 +5%,0.3209187565770394,46.0,95.0,model_input_q05_q95
All,rSO2_Ch1,FiO2_new,9,65.6,68.05,71.1136665897699,71.20057644469748,5.0,FiO2 +5%,0.17736705087258975,46.0,95.0,model_input_q05_q95
All,rSO2_Ch1,FiO2_new,10,68.05,70.5,71.20057644469748,71.17583140869313,5.0,FiO2 +5%,-0.05050007347825973,46.0,95.0,model_input_q05_q95
All,rSO2_Ch1,FiO2_new,11,70.5,72.95,71.17583140869313,71.03798471414754,5.0,FiO2 +5%,-0.28131978478691183,46.0,95.0,model_input_q05_q95
All,rSO2_Ch1,FiO2_new,12,72.95,75.4,71.03798471414754,70.87796345788288,5.0,FiO2 +5%,-0.3265739923768489,46.0,95.0,model_input_q05_q95
All,rSO2_Ch1,FiO2_new,13,75.4,77.85,70.87796345788288,70.80173577761663,5.0,FiO2 +5%,-0.15556669442093324,46.0,95.0,model_input_q05_q95
All,rSO2_Ch1,FiO2_new,14,77.85,80.3,70.80173577761663,70.91413552574224,5.0,FiO2 +5%,0.22938724107267555,46.0,95.0,model_input_q05_q95
All,rSO2_Ch1,FiO2_new,15,80.3,82.75,70.91413552574224,71.26470957174939,5.0,FiO2 +5%,0.7154572367492922,46.0,95.0,model_input_q05_q95
All,rSO2_Ch1,FiO2_new,16,82.75,85.2,71.26470957174939,71.74522809717698,5.0,FiO2 +5%,0.9806500518930277,46.0,95.0,model_input_q05_q95
All,rSO2_Ch1,FiO2_new,17,85.2,87.65,71.74522809717698,72.21616846651517,5.0,FiO2 +5%,0.9611027945677425,46.0,95.0,model_input_q05_q95
All,rSO2_Ch1,FiO2_new,18,87.65,90.1,72.21616846651517,72.53908017766337,5.0,FiO2 +5%,0.6590034921391746,46.0,95.0,model_input_q05_q95
All,rSO2_Ch1,FiO2_new,19,90.1,92.55,72.53908017766337,72.62566194107623,5.0,FiO2 +5%,0.17669747635278765,46.0,95.0,model_input_q05_q95
All,rSO2_Ch1,FiO2_new,20,92.55,95.0,72.62566194107623,72.56488803449052,5.0,FiO2 +5%,-0.1240283807871609,46.0,95.0,model_input_q05_q95
All,rSO2_Ch1,TEMP,1,34.38,34.487,70.28854061178305,70.37619653221402,0.5,TEMP +0.5 C,0.40960710481764606,34.38,36.52,model_input_q05_q95
All,rSO2_Ch1,TEMP,2,34.487,34.594,70.37619653221402,70.46307507945562,0.5,TEMP +0.5 C,0.40597451982054694,34.38,36.52,model_input_q05_q95
All,rSO2_Ch1,TEMP,3,34.594,34.701,70.46307507945562,70.54804594066316,0.5,TEMP +0.5 C,0.39706009910064505,34.38,36.52,model_input_q05_q95
All,rSO2_Ch1,TEMP,4,34.701,34.808,70.54804594066316,70.62814693618802,0.5,TEMP +0.5 C,0.37430371740588475,34.38,36.52,model_input_q05_q95
All,rSO2_Ch1,TEMP,5,34.808,34.915000000000006,70.62814693618802,70.70054141423765,0.5,TEMP +0.5 C,0.33829195350292857,34.38,36.52,model_input_q05_q95
All,rSO2_Ch1,TEMP,6,34.915000000000006,35.022000000000006,70.70054141423765,70.76222410052299,0.5,TEMP +0.5 C,0.2882368518006431,34.38,36.52,model_input_q05_q95
All,rSO2_Ch1,TEMP,7,35.022000000000006,35.129000000000005,70.76222410052299,70.81121406686968,0.5,TEMP +0.5 C,0.2289250763864301,34.38,36.52,model_input_q05_q95
All,rSO2_Ch1,TEMP,8,35.129000000000005,35.236000000000004,70.81121406686968,70.8465927863598,0.5,TEMP +0.5 C,0.16532111911273858,34.38,36.52,model_input_q05_q95
All,rSO2_Ch1,TEMP,9,35.236000000000004,35.343,70.8465927863598,70.86788366039674,0.5,TEMP +0.5 C,0.09949006559315833,34.38,36.52,model_input_q05_q95
All,rSO2_Ch1,TEMP,10,35.343,35.45,70.86788366039674,70.87434079908333,0.5,TEMP +0.5 C,0.030173545264416266,34.38,36.52,model_input_q05_q95
All,rSO2_Ch1,TEMP,11,35.45,35.557,70.87434079908333,70.86597854654588,0.5,TEMP +0.5 C,-0.03907594643669307,34.38,36.52,model_input_q05_q95
All,rSO2_Ch1,TEMP,12,35.557,35.664,70.86597854654588,70.84809017699801,0.5,TEMP +0.5 C,-0.08359051190589666,34.38,36.52,model_input_q05_q95
All,rSO2_Ch1,TEMP,13,35.664,35.771,70.84809017699801,70.8302716757872,0.5,TEMP +0.5 C,-0.0832640243495876,34.38,36.52,model_input_q05_q95
All,rSO2_Ch1,TEMP,14,35.771,35.878,70.8302716757872,70.8222633104774,0.5,TEMP +0.5 C,-0.037422267802830866,34.38,36.52,model_input_q05_q95
All,rSO2_Ch1,TEMP,15,35.878,35.985,70.8222633104774,70.8335999035211,0.5,TEMP +0.5 C,0.0529747338491049,34.38,36.52,model_input_q05_q95
All,rSO2_Ch1,TEMP,16,35.985,36.092000000000006,70.8335999035211,70.86938042397789,0.5,TEMP +0.5 C,0.1671986937232726,34.38,36.52,model_input_q05_q95
All,rSO2_Ch1,TEMP,17,36.092000000000006,36.199000000000005,70.86938042397789,70.91705813416493,0.5,TEMP +0.5 C,0.22279303825722274,34.38,36.52,model_input_q05_q95
All,rSO2_Ch1,TEMP,18,36.199000000000005,36.306000000000004,70.91705813416493,70.95843330546353,0.5,TEMP +0.5 C,0.1933419219560621,34.38,36.52,model_input_q05_q95
All,rSO2_Ch1,TEMP,19,36.306000000000004,36.413000000000004,70.95843330546353,70.97532416692032,0.5,TEMP +0.5 C,0.07892925914386437,34.38,36.52,model_input_q05_q95
All,rSO2_Ch1,TEMP,20,36.413000000000004,36.52,70.97532416692032,70.95037846647726,0.5,TEMP +0.5 C,-0.1165686936591378,34.38,36.52,model_input_q05_q95
All,rSO2_Ch2,ET_CO2,1,24.0,24.65,68.29858076007505,68.47887394774554,5.0,CO2 +5 mmHg,1.3868706743883574,24.0,37.0,model_input_q05_q95
All,rSO2_Ch2,ET_CO2,2,24.65,25.3,68.47887394774554,68.68721054271676,5.0,CO2 +5 mmHg,1.602589192086261,24.0,37.0,model_input_q05_q95
All,rSO2_Ch2,ET_CO2,3,25.3,25.95,68.68721054271676,68.91793230705603,5.0,CO2 +5 mmHg,1.774782802609842,24.0,37.0,model_input_q05_q95
All,rSO2_Ch2,ET_CO2,4,25.95,26.6,68.91793230705603,69.16536729892852,5.0,CO2 +5 mmHg,1.9033460913267721,24.0,37.0,model_input_q05_q95
All,rSO2_Ch2,ET_CO2,5,26.6,27.25,69.16536729892852,69.42384442420021,5.0,CO2 +5 mmHg,1.988285579013052,24.0,37.0,model_input_q05_q95
All,rSO2_Ch2,ET_CO2,6,27.25,27.9,69.42384442420021,69.6890637927313,5.0,CO2 +5 mmHg,2.040148988700712,24.0,37.0,model_input_q05_q95
All,rSO2_Ch2,ET_CO2,7,27.9,28.55,69.6890637927313,69.96133129459916,5.0,CO2 +5 mmHg,2.094365398983521,24.0,37.0,model_input_q05_q95
All,rSO2_Ch2,ET_CO2,8,28.55,29.2,69.96133129459916,70.24200244184398,5.0,CO2 +5 mmHg,2.1590088249601362,24.0,37.0,model_input_q05_q95
All,rSO2_Ch2,ET_CO2,9,29.2,29.85,70.24200244184398,70.5324477536409,5.0,CO2 +5 mmHg,2.2341947061301113,24.0,37.0,model_input_q05_q95
All,rSO2_Ch2,ET_CO2,10,29.85,30.5,70.5324477536409,70.83403477807099,5.0,CO2 +5 mmHg,2.3199001879237846,24.0,37.0,model_input_q05_q95
All,rSO2_Ch2,ET_CO2,11,30.5,31.15,70.83403477807099,71.14781707431041,5.0,CO2 +5 mmHg,2.4137099710724965,24.0,37.0,model_input_q05_q95
All,rSO2_Ch2,ET_CO2,12,31.15,31.8,71.14781707431041,71.47427545472205,5.0,CO2 +5 mmHg,2.511218310858738,24.0,37.0,model_input_q05_q95
All,rSO2_Ch2,ET_CO2,13,31.8,32.45,71.47427545472205,71.81384014321247,5.0,CO2 +5 mmHg,2.6120360653109658,24.0,37.0,model_input_q05_q95
All,rSO2_Ch2,ET_CO2,14,32.45,33.1,71.81384014321247,72.16680200566526,5.0,CO2 +5 mmHg,2.7150912496368296,24.0,37.0,model_input_q05_q95
All,rSO2_Ch2,ET_CO2,15,33.1,33.75,72.16680200566526,72.53346265102032,5.0,CO2 +5 mmHg,2.8204665027311924,24.0,37.0,model_input_q05_q95
All,rSO2_Ch2,ET_CO2,16,33.75,34.4,72.53346265102032,72.91272097562825,5.0,CO2 +5 mmHg,2.917371727753327,24.0,37.0,model_input_q05_q95
All,rSO2_Ch2,ET_CO2,17,34.4,35.05,72.91272097562825,73.30198597052997,5.0,CO2 +5 mmHg,2.994346114628642,24.0,37.0,model_input_q05_q95
All,rSO2_Ch2,ET_CO2,18,35.05,35.7,73.30198597052997,73.698581420177,5.0,CO2 +5 mmHg,3.0507342280541074,24.0,37.0,model_input_q05_q95
All,rSO2_Ch2,ET_CO2,19,35.7,36.35,73.698581420177,74.09984573663635,5.0,CO2 +5 mmHg,3.08664858814883,24.0,37.0,model_input_q05_q95
All,rSO2_Ch2,ET_CO2,20,36.35,37.0,74.09984573663635,74.50288767743821,5.0,CO2 +5 mmHg,3.100322621552745,24.0,37.0,model_input_q05_q95
All,rSO2_Ch2,FiO2_new,1,46.0,48.45,70.37406701254577,70.37870900247954,5.0,FiO2 +5%,0.009473448844435736,46.0,95.0,model_input_q05_q95
All,rSO2_Ch2,FiO2_new,2,48.45,50.9,70.37870900247954,70.25529146489119,5.0,FiO2 +5%,-0.25187252569051555,46.0,95.0,model_input_q05_q95
All,rSO2_Ch2,FiO2_new,3,50.9,53.35,70.25529146489119,70.14772954733753,5.0,FiO2 +5%,-0.21951411745643462,46.0,95.0,model_input_q05_q95
All,rSO2_Ch2,FiO2_new,4,53.35,55.8,70.14772954733753,70.16845440145408,5.0,FiO2 +5%,0.042295620646022984,46.0,95.0,model_input_q05_q95
All,rSO2_Ch2,FiO2_new,5,55.8,58.25,70.16845440145408,70.30187115214466,5.0,FiO2 +5%,0.27227908304198223,46.0,95.0,model_input_q05_q95
All,rSO2_Ch2,FiO2_new,6,58.25,60.7,70.30187115214466,70.49366381308229,5.0,FiO2 +5%,0.3914135937502783,46.0,95.0,model_input_q05_q95
All,rSO2_Ch2,FiO2_new,7,60.7,63.15,70.49366381308229,70.69133629754909,5.0,FiO2 +5%,0.40341323360570014,46.0,95.0,model_input_q05_q95
All,rSO2_Ch2,FiO2_new,8,63.15,65.6,70.69133629754909,70.85041121726677,5.0,FiO2 +5%,0.32464269330139234,46.0,95.0,model_input_q05_q95
All,rSO2_Ch2,FiO2_new,9,65.6,68.05,70.85041121726677,70.9299162071428,5.0,FiO2 +5%,0.16225508137964934,46.0,95.0,model_input_q05_q95
All,rSO2_Ch2,FiO2_new,10,68.05,70.5,70.9299162071428,70.89709975827957,5.0,FiO2 +5%,-0.06697234461883594,46.0,95.0,model_input_q05_q95
All,rSO2_Ch2,FiO2_new,11,70.5,72.95,70.89709975827957,70.80658724833818,5.0,FiO2 +5%,-0.18471940804365453,46.0,95.0,model_input_q05_q95
All,rSO2_Ch2,FiO2_new,12,72.95,75.4,70.80658724833818,70.77578758509898,5.0,FiO2 +5%,-0.06285645559019047,46.0,95.0,model_input_q05_q95
All,rSO2_Ch2,FiO2_new,13,75.4,77.85,70.77578758509898,70.92038175141407,5.0,FiO2 +5%,0.2950901353369148,46.0,95.0,model_input_q05_q95
All,rSO2_Ch2,FiO2_new,14,77.85,80.3,70.92038175141407,71.24657523969191,5.0,FiO2 +5%,0.6657009964853822,46.0,95.0,model_input_q05_q95
All,rSO2_Ch2,FiO2_new,15,80.3,82.75,71.24657523969191,71.64251571682317,5.0,FiO2 +5%,0.8080417900637992,46.0,95.0,model_input_q05_q95
All,rSO2_Ch2,FiO2_new,16,82.75,85.2,71.64251571682317,71.9896198722947,5.0,FiO2 +5%,0.7083758274929115,46.0,95.0,model_input_q05_q95
All,rSO2_Ch2,FiO2_new,17,85.2,87.65,71.9896198722947,72.2063500452496,5.0,FiO2 +5%,0.44230647541815604,46.0,95.0,model_input_q05_q95
All,rSO2_Ch2,FiO2_new,18,87.65,90.1,72.2063500452496,72.27641140822662,5.0,FiO2 +5%,0.14298237342250844,46.0,95.0,model_input_q05_q95
All,rSO2_Ch2,FiO2_new,19,90.1,92.55,72.27641140822662,72.18999698421669,5.0,FiO2 +5%,-0.17635596736720532,46.0,95.0,model_input_q05_q95
All,rSO2_Ch2,FiO2_new,20,92.55,95.0,72.18999698421669,72.03028893771787,5.0,FiO2 +5%,-0.32593478877310367,46.0,95.0,model_input_q05_q95
All,rSO2_Ch2,TEMP,1,34.39,34.496025,70.20580066097988,70.43251276507976,0.5,TEMP +0.5 C,1.0691445607162624,34.39,36.5105,model_input_q05_q95
All,rSO2_Ch2,TEMP,2,34.496025,34.60205,70.43251276507976,70.62527277521927,0.5,TEMP +0.5 C,0.9090309367579203,34.39,36.5105,model_input_q05_q95
All,rSO2_Ch2,TEMP,3,34.60205,34.708075,70.62527277521927,70.77576632988163,0.5,TEMP +0.5 C,0.709707873908785,34.39,36.5105,model_input_q05_q95
All,rSO2_Ch2,TEMP,4,34.708075,34.8141,70.77576632988163,70.87551437446328,0.5,TEMP +0.5 C,0.4703987011631344,34.39,36.5105,model_input_q05_q95
All,rSO2_Ch2,TEMP,5,34.8141,34.920125,70.87551437446328,70.92305766940902,0.5,TEMP +0.5 C,0.22420794598322102,34.39,36.5105,model_input_q05_q95
All,rSO2_Ch2,TEMP,6,34.920125,35.02615,70.92305766940902,70.92400676967189,0.5,TEMP +0.5 C,0.004475832411563647,34.39,36.5105,model_input_q05_q95
All,rSO2_Ch2,TEMP,7,35.02615,35.132175000000004,70.92400676967189,70.88528636114287,0.5,TEMP +0.5 C,-0.1826003703325422,34.39,36.5105,model_input_q05_q95
All,rSO2_Ch2,TEMP,8,35.132175000000004,35.2382,70.88528636114287,70.81391755218529,0.5,TEMP +0.5 C,-0.336565946510681,34.39,36.5105,model_input_q05_q95
All,rSO2_Ch2,TEMP,9,35.2382,35.344225,70.81391755218529,70.72612562793158,0.5,TEMP +0.5 C,-0.4140152051577716,34.39,36.5105,model_input_q05_q95
All,rSO2_Ch2,TEMP,10,35.344225,35.45025,70.72612562793158,70.64299657315797,0.5,TEMP +0.5 C,-0.39202572399722263,34.39,36.5105,model_input_q05_q95
All,rSO2_Ch2,TEMP,11,35.45025,35.556275,70.64299657315797,70.58556199475997,0.5,TEMP +0.5 C,-0.2708539419853846,34.39,36.5105,model_input_q05_q95
All,rSO2_Ch2,TEMP,12,35.556275,35.6623,70.58556199475997,70.57163241605521,0.5,TEMP +0.5 C,-0.06569006698779156,34.39,36.5105,model_input_q05_q95
All,rSO2_Ch2,TEMP,13,35.6623,35.768325,70.57163241605521,70.60331274312912,0.5,TEMP +0.5 C,0.14940026915310403,34.39,36.5105,model_input_q05_q95
All,rSO2_Ch2,TEMP,14,35.768325,35.87435,70.60331274312912,70.68057470515558,0.5,TEMP +0.5 C,0.3643572837842639,34.39,36.5105,model_input_q05_q95
All,rSO2_Ch2,TEMP,15,35.87435,35.980375,70.68057470515558,70.80069587578399,0.5,TEMP +0.5 C,0.566475692659305,34.39,36.5105,model_input_q05_q95
All,rSO2_Ch2,TEMP,16,35.980375,36.0864,70.80069587578399,70.94948113648707,0.5,TEMP +0.5 C,0.7016517835561676,34.39,36.5105,model_input_q05_q95
All,rSO2_Ch2,TEMP,17,36.0864,36.192425,70.94948113648707,71.09998260297438,0.5,TEMP +0.5 C,0.7097451850380074,34.39,36.5105,model_input_q05_q95
All,rSO2_Ch2,TEMP,18,36.192425,36.29845,71.09998260297438,71.22482391109294,0.5,TEMP +0.5 C,0.588735242247389,34.39,36.5105,model_input_q05_q95
All,rSO2_Ch2,TEMP,19,36.29845,36.404475,71.22482391109294,71.30297001229717,0.5,TEMP +0.5 C,0.36852676823498765,34.39,36.5105,model_input_q05_q95
All,rSO2_Ch2,TEMP,20,36.404475,36.5105,71.30297001229717,71.33891026616784,0.5,TEMP +0.5 C,0.16948952544530352,34.39,36.5105,model_input_q05_q95
All,rSO2_Ch3,ET_CO2,1,24.0,24.65,74.2883096485186,74.47684134149793,5.0,CO2 +5 mmHg,1.4502437921486555,24.0,37.0,model_input_q05_q95
All,rSO2_Ch3,ET_CO2,2,24.65,25.3,74.47684134149793,74.66428466101901,5.0,CO2 +5 mmHg,1.4418716886236862,24.0,37.0,model_input_q05_q95
All,rSO2_Ch3,ET_CO2,3,25.3,25.95,74.66428466101901,74.85031912267105,5.0,CO2 +5 mmHg,1.4310343204003275,24.0,37.0,model_input_q05_q95
All,rSO2_Ch3,ET_CO2,4,25.95,26.6,74.85031912267105,75.03462424204325,5.0,CO2 +5 mmHg,1.4177316874784385,24.0,37.0,model_input_q05_q95
All,rSO2_Ch3,ET_CO2,5,26.6,27.25,75.03462424204325,75.21687953472497,5.0,CO2 +5 mmHg,1.4019637898593622,24.0,37.0,model_input_q05_q95
All,rSO2_Ch3,ET_CO2,6,27.25,27.9,75.21687953472497,75.39674727215203,5.0,CO2 +5 mmHg,1.3835979802081542,24.0,37.0,model_input_q05_q95
All,rSO2_Ch3,ET_CO2,7,27.9,28.55,75.39674727215203,75.57391248747106,5.0,CO2 +5 mmHg,1.3628093486079642,24.0,37.0,model_input_q05_q95
All,rSO2_Ch3,ET_CO2,8,28.55,29.2,75.57391248747106,75.74806084866803,5.0,CO2 +5 mmHg,1.3396027784382325,24.0,37.0,model_input_q05_q95
All,rSO2_Ch3,ET_CO2,9,29.2,29.85,75.74806084866803,75.91887187133209,5.0,CO2 +5 mmHg,1.3139309435696436,24.0,37.0,model_input_q05_q95
All,rSO2_Ch3,ET_CO2,10,29.85,30.5,75.91887187133209,76.08602614326564,5.0,CO2 +5 mmHg,1.2858020917965782,24.0,37.0,model_input_q05_q95
All,rSO2_Ch3,ET_CO2,11,30.5,31.15,76.08602614326564,76.24928829699157,5.0,CO2 +5 mmHg,1.255862720968649,24.0,37.0,model_input_q05_q95
All,rSO2_Ch3,ET_CO2,12,31.15,31.8,76.24928829699157,76.40857169095386,5.0,CO2 +5 mmHg,1.2252568766330554,24.0,37.0,model_input_q05_q95
All,rSO2_Ch3,ET_CO2,13,31.8,32.45,76.40857169095386,76.56380233181437,5.0,CO2 +5 mmHg,1.194081852773143,24.0,37.0,model_input_q05_q95
All,rSO2_Ch3,ET_CO2,14,32.45,33.1,76.56380233181437,76.71494902628272,5.0,CO2 +5 mmHg,1.1626668805257867,24.0,37.0,model_input_q05_q95
All,rSO2_Ch3,ET_CO2,15,33.1,33.75,76.71494902628272,76.86195467454637,5.0,CO2 +5 mmHg,1.130812678951108,24.0,37.0,model_input_q05_q95
All,rSO2_Ch3,ET_CO2,16,33.75,34.4,76.86195467454637,77.00476217679277,5.0,CO2 +5 mmHg,1.0985192480492225,24.0,37.0,model_input_q05_q95
All,rSO2_Ch3,ET_CO2,17,34.4,35.05,77.00476217679277,77.14331443320931,5.0,CO2 +5 mmHg,1.0657865878195836,24.0,37.0,model_input_q05_q95
All,rSO2_Ch3,ET_CO2,18,35.05,35.7,77.14331443320931,77.27755434398357,5.0,CO2 +5 mmHg,1.0326146982634918,24.0,37.0,model_input_q05_q95
All,rSO2_Ch3,ET_CO2,19,35.7,36.35,77.27755434398357,77.40739135317318,5.0,CO2 +5 mmHg,0.9987462245354992,24.0,37.0,model_input_q05_q95
All,rSO2_Ch3,ET_CO2,20,36.35,37.0,77.40739135317318,77.53279448761954,5.0,CO2 +5 mmHg,0.9646394957412208,24.0,37.0,model_input_q05_q95
All,rSO2_Ch3,FiO2_new,1,46.0,48.45,76.88542287904859,76.66405531361261,5.0,FiO2 +5%,-0.4517705417060877,46.0,95.0,model_input_q05_q95
All,rSO2_Ch3,FiO2_new,2,48.45,50.9,76.66405531361261,76.41823947075088,5.0,FiO2 +5%,-0.5016649854321049,46.0,95.0,model_input_q05_q95
All,rSO2_Ch3,FiO2_new,3,50.9,53.35,76.41823947075088,76.20012711373676,5.0,FiO2 +5%,-0.44512725921249136,46.0,95.0,model_input_q05_q95
All,rSO2_Ch3,FiO2_new,4,53.35,55.8,76.20012711373676,76.0517347880465,5.0,FiO2 +5%,-0.30284148100051655,46.0,95.0,model_input_q05_q95
All,rSO2_Ch3,FiO2_new,5,55.8,58.25,76.0517347880465,75.9725624677342,5.0,FiO2 +5%,-0.1615761639026439,46.0,95.0,model_input_q05_q95
All,rSO2_Ch3,FiO2_new,6,58.25,60.7,75.9725624677342,75.9506620592053,5.0,FiO2 +5%,-0.044694711283483984,46.0,95.0,model_input_q05_q95
All,rSO2_Ch3,FiO2_new,7,60.7,63.15,75.9506620592053,75.97325735499558,5.0,FiO2 +5%,0.04611284855159593,46.0,95.0,model_input_q05_q95
All,rSO2_Ch3,FiO2_new,8,63.15,65.6,75.97325735499558,76.02837459632109,5.0,FiO2 +5%,0.11248416597041763,46.0,95.0,model_input_q05_q95
All,rSO2_Ch3,FiO2_new,9,65.6,68.05,76.02837459632109,76.10334558871348,5.0,FiO2 +5%,0.15300202529060078,46.0,95.0,model_input_q05_q95
All,rSO2_Ch3,FiO2_new,10,68.05,70.5,76.10334558871348,76.18593690325392,5.0,FiO2 +5%,0.168553703143749,46.0,95.0,model_input_q05_q95
All,rSO2_Ch3,FiO2_new,11,70.5,72.95,76.18593690325392,76.26375501721527,5.0,FiO2 +5%,0.15881247747215596,46.0,95.0,model_input_q05_q95
All,rSO2_Ch3,FiO2_new,12,72.95,75.4,76.26375501721527,76.32441348386364,5.0,FiO2 +5%,0.12379278907829112,46.0,95.0,model_input_q05_q95
All,rSO2_Ch3,FiO2_new,13,75.4,77.85,76.32441348386364,76.35600779667908,5.0,FiO2 +5%,0.06447818941927173,46.0,95.0,model_input_q05_q95
All,rSO2_Ch3,FiO2_new,14,77.85,80.3,76.35600779667908,76.35801345779669,5.0,FiO2 +5%,0.0040931859543007305,46.0,95.0,model_input_q05_q95
All,rSO2_Ch3,FiO2_new,15,80.3,82.75,76.35801345779669,76.34225964357945,5.0,FiO2 +5%,-0.03215064125966161,46.0,95.0,model_input_q05_q95
All,rSO2_Ch3,FiO2_new,16,82.75,85.2,76.34225964357945,76.32140261619718,5.0,FiO2 +5%,-0.042565362004647375,46.0,95.0,model_input_q05_q95
All,rSO2_Ch3,FiO2_new,17,85.2,87.65,76.32140261619718,76.30807585247115,5.0,FiO2 +5%,-0.02719747699189278,46.0,95.0,model_input_q05_q95
All,rSO2_Ch3,FiO2_new,18,87.65,90.1,76.30807585247115,76.31475149879446,5.0,FiO2 +5%,0.013623768006767793,46.0,95.0,model_input_q05_q95
All,rSO2_Ch3,FiO2_new,19,90.1,92.55,76.31475149879446,76.35427596478624,5.0,FiO2 +5%,0.08066217549341839,46.0,95.0,model_input_q05_q95
All,rSO2_Ch3,FiO2_new,20,92.55,95.0,76.35427596478624,76.4389633788434,5.0,FiO2 +5%,0.17283145725950425,46.0,95.0,model_input_q05_q95
All,rSO2_Ch3,TEMP,1,34.39,34.4965,75.24599008157692,75.34711842653768,0.5,TEMP +0.5 C,0.47478096225708444,34.39,36.52,model_input_q05_q95
All,rSO2_Ch3,TEMP,2,34.4965,34.603,75.34711842653768,75.4455346609987,0.5,TEMP +0.5 C,0.46204804911278474,34.39,36.52,model_input_q05_q95
All,rSO2_Ch3,TEMP,3,34.603,34.7095,75.4455346609987,75.53947173657693,0.5,TEMP +0.5 C,0.44101913417008287,34.39,36.52,model_input_q05_q95
All,rSO2_Ch3,TEMP,4,34.7095,34.816,75.53947173657693,75.62729847925146,0.5,TEMP +0.5 C,0.41233212523255114,34.39,36.52,model_input_q05_q95
All,rSO2_Ch3,TEMP,5,34.816,34.9225,75.62729847925146,75.70719775654163,0.5,TEMP +0.5 C,0.37511397788811873,34.39,36.52,model_input_q05_q95
All,rSO2_Ch3,TEMP,6,34.9225,35.029,75.70719775654163,75.77757881344948,0.5,TEMP +0.5 C,0.3304274972199333,34.39,36.52,model_input_q05_q95
All,rSO2_Ch3,TEMP,7,35.029,35.1355,75.77757881344948,75.83659954809445,0.5,TEMP +0.5 C,0.27709265091538116,34.39,36.52,model_input_q05_q95
All,rSO2_Ch3,TEMP,8,35.1355,35.242000000000004,75.83659954809445,75.88303433393668,0.5,TEMP +0.5 C,0.21800368940009943,34.39,36.52,model_input_q05_q95
All,rSO2_Ch3,TEMP,9,35.242000000000004,35.3485,75.88303433393668,75.91810757173137,0.5,TEMP +0.5 C,0.1646630882379915,34.39,36.52,model_input_q05_q95
All,rSO2_Ch3,TEMP,10,35.3485,35.455,75.91810757173137,75.94464297154892,0.5,TEMP +0.5 C,0.12457934186642164,34.39,36.52,model_input_q05_q95
All,rSO2_Ch3,TEMP,11,35.455,35.5615,75.94464297154892,75.9653498741972,0.5,TEMP +0.5 C,0.09721550539100834,34.39,36.52,model_input_q05_q95
All,rSO2_Ch3,TEMP,12,35.5615,35.668,75.9653498741972,75.98301220859574,0.5,TEMP +0.5 C,0.08292175773961238,34.39,36.52,model_input_q05_q95
All,rSO2_Ch3,TEMP,13,35.668,35.7745,75.98301220859574,76.00038178665191,0.5,TEMP +0.5 C,0.08154731481772359,34.39,36.52,model_input_q05_q95
All,rSO2_Ch3,TEMP,14,35.7745,35.881,76.00038178665191,76.0202163022899,0.5,TEMP +0.5 C,0.09311979172761561,34.39,36.52,model_input_q05_q95
All,rSO2_Ch3,TEMP,15,35.881,35.987500000000004,76.0202163022899,76.0452775663081,0.5,TEMP +0.5 C,0.11765851651739236,34.39,36.52,model_input_q05_q95
All,rSO2_Ch3,TEMP,16,35.987500000000004,36.094,76.0452775663081,76.07832950984412,0.5,TEMP +0.5 C,0.15517344383109852,34.39,36.52,model_input_q05_q95
All,rSO2_Ch3,TEMP,17,36.094,36.200500000000005,76.07832950984412,76.12211142335202,0.5,TEMP +0.5 C,0.20554888970844112,34.39,36.52,model_input_q05_q95
All,rSO2_Ch3,TEMP,18,36.200500000000005,36.307,76.12211142335202,76.17938948225098,0.5,TEMP +0.5 C,0.2689110746430066,34.39,36.52,model_input_q05_q95
All,rSO2_Ch3,TEMP,19,36.307,36.413500000000006,76.17938948225098,76.25202978146385,0.5,TEMP +0.5 C,0.34103426860498276,34.39,36.52,model_input_q05_q95
All,rSO2_Ch3,TEMP,20,36.413500000000006,36.52,76.25202978146385,76.33837980595268,0.5,TEMP +0.5 C,0.40539917600394176,34.39,36.52,model_input_q05_q95
