x,pred_mean,pred_lo_2.5,pred_hi_97.5,xvar,ycol,sec,subgroup,n_sample,plot_mode,n_boot_ok,channel_label
21.0,67.17421691843144,66.28917699453652,68.01289809643976,ET_CO2,rSO2_Ch1,1,All,10000,slice_median,0,Left SctO2
21.156424581005588,67.22275864087558,66.37325622246914,68.01466539653794,ET_CO2,rSO2_Ch1,1,All,10000,slice_median,0,Left SctO2
21.31284916201117,67.2724451907578,66.45673277270781,68.0276402007604,ET_CO2,rSO2_Ch1,1,All,10000,slice_median,0,Left SctO2
21.46927374301676,67.32323365958567,66.54223632256526,68.04237778710278,ET_CO2,rSO2_Ch1,1,All,10000,slice_median,0,Left SctO2
21.625698324022345,67.37508113886669,66.61867746486143,68.05885595283696,ET_CO2,rSO2_Ch1,1,All,10000,slice_median,0,Left SctO2
21.782122905027933,67.42794472010846,66.68392395050645,68.09145197978337,ET_CO2,rSO2_Ch1,1,All,10000,slice_median,0,Left SctO2
21.93854748603352,67.48178149481843,66.73261160083383,68.12964622038528,ET_CO2,rSO2_Ch1,1,All,10000,slice_median,0,Left SctO2
22.094972067039105,67.53654855450428,66.80117847733767,68.1447641140482,ET_CO2,rSO2_Ch1,1,All,10000,slice_median,0,Left SctO2
22.251396648044693,67.59220299067354,66.8922502542866,68.16143238967015,ET_CO2,rSO2_Ch1,1,All,10000,slice_median,0,Left SctO2
22.40782122905028,67.64870189483368,66.98361131547432,68.18482162582319,ET_CO2,rSO2_Ch1,1,All,10000,slice_median,0,Left SctO2
22.564245810055866,67.7060023584923,67.05490415801738,68.23904917801234,ET_CO2,rSO2_Ch1,1,All,10000,slice_median,0,Left SctO2
22.720670391061454,67.764061473157,67.15021198631277,68.30275219424107,ET_CO2,rSO2_Ch1,1,All,10000,slice_median,0,Left SctO2
22.87709497206704,67.82283633033528,67.25840923819761,68.34613432164555,ET_CO2,rSO2_Ch1,1,All,10000,slice_median,0,Left SctO2
23.033519553072622,67.88228402153467,67.3499064700679,68.39734434287556,ET_CO2,rSO2_Ch1,1,All,10000,slice_median,0,Left SctO2
23.18994413407821,67.94236163826281,67.43163788940483,68.42485415854446,ET_CO2,rSO2_Ch1,1,All,10000,slice_median,0,Left SctO2
23.3463687150838,68.00302627202716,67.51105850798267,68.48230368681705,ET_CO2,rSO2_Ch1,1,All,10000,slice_median,0,Left SctO2
23.502793296089383,68.06423501433534,67.59031160431712,68.549221680113,ET_CO2,rSO2_Ch1,1,All,10000,slice_median,0,Left SctO2
23.65921787709497,68.12594495669482,67.65042921094488,68.61571518339902,ET_CO2,rSO2_Ch1,1,All,10000,slice_median,0,Left SctO2
23.81564245810056,68.18811319061327,67.69298669476957,68.66755836198769,ET_CO2,rSO2_Ch1,1,All,10000,slice_median,0,Left SctO2
23.972067039106147,68.25069680759816,67.73752647825651,68.72783715597018,ET_CO2,rSO2_Ch1,1,All,10000,slice_median,0,Left SctO2
24.12849162011173,68.31365289915705,67.78399002297111,68.7917037280084,ET_CO2,rSO2_Ch1,1,All,10000,slice_median,0,Left SctO2
24.28491620111732,68.3769385567975,67.83231879047877,68.84229588026707,ET_CO2,rSO2_Ch1,1,All,10000,slice_median,0,Left SctO2
24.441340782122904,68.4405108720271,67.90314348182005,68.88866450013003,ET_CO2,rSO2_Ch1,1,All,10000,slice_median,0,Left SctO2
24.59776536312849,68.50432693635331,67.97901296964703,68.9393443872125,ET_CO2,rSO2_Ch1,1,All,10000,slice_median,0,Left SctO2
24.75418994413408,68.56834384128373,68.05545844756153,68.99479152691316,ET_CO2,rSO2_Ch1,1,All,10000,slice_median,0,Left SctO2
24.910614525139664,68.63251868923207,68.12233158233815,69.06400371265045,ET_CO2,rSO2_Ch1,1,All,10000,slice_median,0,Left SctO2
25.06703910614525,68.69680997920169,68.18648696325602,69.13215645618092,ET_CO2,rSO2_Ch1,1,All,10000,slice_median,0,Left SctO2
25.22346368715084,68.761202931361,68.2671264146589,69.19922328666206,ET_CO2,rSO2_Ch1,1,All,10000,slice_median,0,Left SctO2
25.379888268156424,68.82571392200862,68.34748892387093,69.26529009000612,ET_CO2,rSO2_Ch1,1,All,10000,slice_median,0,Left SctO2
25.53631284916201,68.89036117768563,68.41189551937839,69.33044944127161,ET_CO2,rSO2_Ch1,1,All,10000,slice_median,0,Left SctO2
25.6927374301676,68.95516292493292,68.46905895417771,69.39479391551714,ET_CO2,rSO2_Ch1,1,All,10000,slice_median,0,Left SctO2
25.849162011173185,69.02013739029167,68.54467708389241,69.45841608780123,ET_CO2,rSO2_Ch1,1,All,10000,slice_median,0,Left SctO2
26.005586592178773,69.08530280030274,68.61757343177706,69.52140853318241,ET_CO2,rSO2_Ch1,1,All,10000,slice_median,0,Left SctO2
26.16201117318436,69.15067738150728,68.68519341978902,69.58084833158864,ET_CO2,rSO2_Ch1,1,All,10000,slice_median,0,Left SctO2
26.318435754189945,69.21627936044628,68.75377963647193,69.63624721690871,ET_CO2,rSO2_Ch1,1,All,10000,slice_median,0,Left SctO2
26.47486033519553,69.28212696366066,68.82328022968403,69.69055350841134,ET_CO2,rSO2_Ch1,1,All,10000,slice_median,0,Left SctO2
26.63128491620112,69.34823841769145,68.89364334728359,69.74474951958132,ET_CO2,rSO2_Ch1,1,All,10000,slice_median,0,Left SctO2
26.787709497206706,69.41463194907985,68.96481713712885,69.8073837973852,ET_CO2,rSO2_Ch1,1,All,10000,slice_median,0,Left SctO2
26.94413407821229,69.48132578436662,69.03674974707803,69.8871566018573,ET_CO2,rSO2_Ch1,1,All,10000,slice_median,0,Left SctO2
27.10055865921788,69.54833815009296,69.10938932498942,69.95138584297354,ET_CO2,rSO2_Ch1,1,All,10000,slice_median,0,Left SctO2
27.256983240223462,69.61568727279987,69.18268401872129,70.01301472019414,ET_CO2,rSO2_Ch1,1,All,10000,slice_median,0,Left SctO2
27.41340782122905,69.6833913790283,69.25658197613183,70.07512975338635,ET_CO2,rSO2_Ch1,1,All,10000,slice_median,0,Left SctO2
27.56983240223464,69.75146869531922,69.33103134507934,70.13706452021617,ET_CO2,rSO2_Ch1,1,All,10000,slice_median,0,Left SctO2
27.726256983240223,69.8199374482138,69.40598027342205,70.19923992352984,ET_CO2,rSO2_Ch1,1,All,10000,slice_median,0,Left SctO2
27.88268156424581,69.88881586425293,69.4813769090182,70.26189650064322,ET_CO2,rSO2_Ch1,1,All,10000,slice_median,0,Left SctO2
28.039106145251395,69.95812216997773,69.55716939972606,70.32512682661485,ET_CO2,rSO2_Ch1,1,All,10000,slice_median,0,Left SctO2
28.195530726256983,70.02787459192913,69.63516700165337,70.38902347650328,ET_CO2,rSO2_Ch1,1,All,10000,slice_median,0,Left SctO2
28.35195530726257,70.09809135664813,69.7113847499763,70.46029458592673,ET_CO2,rSO2_Ch1,1,All,10000,slice_median,0,Left SctO2
28.50837988826816,70.1687906906758,69.78799392545025,70.53400005727153,ET_CO2,rSO2_Ch1,1,All,10000,slice_median,0,Left SctO2
28.664804469273744,70.23999082055325,69.86494141103685,70.6038004149973,ET_CO2,rSO2_Ch1,1,All,10000,slice_median,0,Left SctO2
28.821229050279328,70.3117099431059,69.9421740896978,70.67552190764712,ET_CO2,rSO2_Ch1,1,All,10000,slice_median,0,Left SctO2
28.97765363128492,70.38396593019831,70.0148221915504,70.74624326297447,ET_CO2,rSO2_Ch1,1,All,10000,slice_median,0,Left SctO2
29.134078212290504,70.45677590523991,70.08375936468872,70.81591532072613,ET_CO2,rSO2_Ch1,1,All,10000,slice_median,0,Left SctO2
29.29050279329609,70.5301536059896,70.16014038558194,70.88268196889236,ET_CO2,rSO2_Ch1,1,All,10000,slice_median,0,Left SctO2
29.44692737430168,70.6041114810731,70.22851470053169,70.95239230910795,ET_CO2,rSO2_Ch1,1,All,10000,slice_median,0,Left SctO2
29.60335195530726,70.67866197657845,70.29898617774862,71.02145904209581,ET_CO2,rSO2_Ch1,1,All,10000,slice_median,0,Left SctO2
29.75977653631285,70.7538175385934,70.37337086492613,71.1007872186581,ET_CO2,rSO2_Ch1,1,All,10000,slice_median,0,Left SctO2
29.91620111731844,70.82959061320615,70.44899537855494,71.18293449467023,ET_CO2,rSO2_Ch1,1,All,10000,slice_median,0,Left SctO2
30.072625698324025,70.90599364650441,70.52581088965863,71.26104006332154,ET_CO2,rSO2_Ch1,1,All,10000,slice_median,0,Left SctO2
30.22905027932961,70.9830390845762,70.60376856926067,71.34060102759418,ET_CO2,rSO2_Ch1,1,All,10000,slice_median,0,Left SctO2
30.385474860335197,71.06073937350956,70.68281958838463,71.42258691678568,ET_CO2,rSO2_Ch1,1,All,10000,slice_median,0,Left SctO2
30.54189944134078,71.13910695939235,70.75806817764595,71.50540040719595,ET_CO2,rSO2_Ch1,1,All,10000,slice_median,0,Left SctO2
30.69832402234637,71.21815428831253,70.83557780719511,71.58901522087102,ET_CO2,rSO2_Ch1,1,All,10000,slice_median,0,Left SctO2
30.85474860335196,71.29789380635805,70.91802902810268,71.67340507985689,ET_CO2,rSO2_Ch1,1,All,10000,slice_median,0,Left SctO2
31.011173184357546,71.37833795961689,71.00166726235472,71.75854370619957,ET_CO2,rSO2_Ch1,1,All,10000,slice_median,0,Left SctO2
31.167597765363126,71.45949919417694,71.08624046443609,71.84128639560973,ET_CO2,rSO2_Ch1,1,All,10000,slice_median,0,Left SctO2
31.324022346368714,71.54138995612621,71.15435232130318,71.92129016947928,ET_CO2,rSO2_Ch1,1,All,10000,slice_median,0,Left SctO2
31.480446927374302,71.62402269155264,71.24085299878445,72.00559180304062,ET_CO2,rSO2_Ch1,1,All,10000,slice_median,0,Left SctO2
31.63687150837989,71.70740984654408,71.32958076976858,72.09244972194382,ET_CO2,rSO2_Ch1,1,All,10000,slice_median,0,Left SctO2
31.793296089385475,71.79156386718867,71.41892108175256,72.18003513949064,ET_CO2,rSO2_Ch1,1,All,10000,slice_median,0,Left SctO2
31.94972067039106,71.8764971995741,71.50525663306496,72.26832119452078,ET_CO2,rSO2_Ch1,1,All,10000,slice_median,0,Left SctO2
32.10614525139665,71.9622222897885,71.5909035167085,72.35728102587396,ET_CO2,rSO2_Ch1,1,All,10000,slice_median,0,Left SctO2
32.262569832402235,72.04875158391982,71.6778755122267,72.44688777238989,ET_CO2,rSO2_Ch1,1,All,10000,slice_median,0,Left SctO2
32.41899441340782,72.13609752805597,71.76626741976655,72.53458038165886,ET_CO2,rSO2_Ch1,1,All,10000,slice_median,0,Left SctO2
32.57541899441341,72.2242725682828,71.85617403947492,72.6211804324044,ET_CO2,rSO2_Ch1,1,All,10000,slice_median,0,Left SctO2
32.73184357541899,72.31328901452747,71.94769017149878,72.70851174481521,ET_CO2,rSO2_Ch1,1,All,10000,slice_median,0,Left SctO2
32.88826815642458,72.40315867217984,72.0386915455594,72.79659874322721,ET_CO2,rSO2_Ch1,1,All,10000,slice_median,0,Left SctO2
33.04469273743017,72.493892958046,72.1279647778224,72.88546550586108,ET_CO2,rSO2_Ch1,1,All,10000,slice_median,0,Left SctO2
33.20111731843576,72.58547961308847,72.21971770379002,72.9751059556495,ET_CO2,rSO2_Ch1,1,All,10000,slice_median,0,Left SctO2
33.357541899441344,72.67786466530556,72.31501149112775,73.06546088683999,ET_CO2,rSO2_Ch1,1,All,10000,slice_median,0,Left SctO2
33.513966480446925,72.77098989666925,72.41010352432652,73.16281323634372,ET_CO2,rSO2_Ch1,1,All,10000,slice_median,0,Left SctO2
33.67039106145251,72.86479708915125,72.5084292985166,73.25989478683047,ET_CO2,rSO2_Ch1,1,All,10000,slice_median,0,Left SctO2
33.8268156424581,72.95922802472352,72.60080789012903,73.34580924462288,ET_CO2,rSO2_Ch1,1,All,10000,slice_median,0,Left SctO2
33.98324022346369,73.05422448535782,72.69226574093156,73.4476582622604,ET_CO2,rSO2_Ch1,1,All,10000,slice_median,0,Left SctO2
34.13966480446928,73.14972825302613,72.78392106332771,73.5556280043112,ET_CO2,rSO2_Ch1,1,All,10000,slice_median,0,Left SctO2
34.29608938547486,73.24568110970026,72.87576894180802,73.66020166437474,ET_CO2,rSO2_Ch1,1,All,10000,slice_median,0,Left SctO2
34.452513966480446,73.34202483735203,72.96780446086308,73.75676968031999,ET_CO2,rSO2_Ch1,1,All,10000,slice_median,0,Left SctO2
34.608938547486034,73.43870121795332,73.06002270498337,73.85375591003023,ET_CO2,rSO2_Ch1,1,All,10000,slice_median,0,Left SctO2
34.76536312849162,73.53565203347607,73.15241875865948,73.95115225406894,ET_CO2,rSO2_Ch1,1,All,10000,slice_median,0,Left SctO2
34.92178770949721,73.63281906589208,73.23960670551463,74.05311414380934,ET_CO2,rSO2_Ch1,1,All,10000,slice_median,0,Left SctO2
35.07821229050279,73.73014409717317,73.32172116738332,74.1548141839391,ET_CO2,rSO2_Ch1,1,All,10000,slice_median,0,Left SctO2
35.23463687150838,73.82756890929116,73.40423439399812,74.25580648298647,ET_CO2,rSO2_Ch1,1,All,10000,slice_median,0,Left SctO2
35.391061452513966,73.92503528421814,73.48718730950512,74.35078173075492,ET_CO2,rSO2_Ch1,1,All,10000,slice_median,0,Left SctO2
35.547486033519554,74.02248500392572,73.57713802618231,74.44618120461884,ET_CO2,rSO2_Ch1,1,All,10000,slice_median,0,Left SctO2
35.70391061452514,74.11985985038586,73.67746325015828,74.54368915075467,ET_CO2,rSO2_Ch1,1,All,10000,slice_median,0,Left SctO2
35.86033519553072,74.21710160557049,73.76366095186646,74.64372951087049,ET_CO2,rSO2_Ch1,1,All,10000,slice_median,0,Left SctO2
36.01675977653631,74.31415205145133,73.8554028955578,74.74411518982272,ET_CO2,rSO2_Ch1,1,All,10000,slice_median,0,Left SctO2
36.1731843575419,74.41095297000034,73.96353465347337,74.84483808817488,ET_CO2,rSO2_Ch1,1,All,10000,slice_median,0,Left SctO2
36.32960893854749,74.50744614318933,74.06115541386772,74.94589010649044,ET_CO2,rSO2_Ch1,1,All,10000,slice_median,0,Left SctO2
36.48603351955308,74.60357335308336,74.1424366482909,75.04726314533289,ET_CO2,rSO2_Ch1,1,All,10000,slice_median,0,Left SctO2
36.642458100558656,74.69927638617864,74.22936747169952,75.15016067817152,ET_CO2,rSO2_Ch1,1,All,10000,slice_median,0,Left SctO2
36.79888268156424,74.79449703524585,74.33063344304622,75.25093988685248,ET_CO2,rSO2_Ch1,1,All,10000,slice_median,0,Left SctO2
36.95530726256983,74.8891770935315,74.43218354280786,75.35322739065661,ET_CO2,rSO2_Ch1,1,All,10000,slice_median,0,Left SctO2
37.11173184357542,74.98325984881359,74.51889998825003,75.45259657630231,ET_CO2,rSO2_Ch1,1,All,10000,slice_median,0,Left SctO2
37.26815642458101,75.07670327114823,74.60091866038584,75.54957798978356,ET_CO2,rSO2_Ch1,1,All,10000,slice_median,0,Left SctO2
37.42458100558659,75.16947366409931,74.67292385929518,75.6513792827163,ET_CO2,rSO2_Ch1,1,All,10000,slice_median,0,Left SctO2
37.58100558659218,75.26153742688071,74.76849323728608,75.74667522717009,ET_CO2,rSO2_Ch1,1,All,10000,slice_median,0,Left SctO2
37.737430167597765,75.35286095870649,74.86313370664544,75.83809008464327,ET_CO2,rSO2_Ch1,1,All,10000,slice_median,0,Left SctO2
37.89385474860335,75.44341065879068,74.95094461808746,75.94052643941015,ET_CO2,rSO2_Ch1,1,All,10000,slice_median,0,Left SctO2
38.05027932960894,75.53315292634704,75.03927307143742,76.04372804492054,ET_CO2,rSO2_Ch1,1,All,10000,slice_median,0,Left SctO2
38.20670391061452,75.6220541605896,75.1280273412807,76.1328241029959,ET_CO2,rSO2_Ch1,1,All,10000,slice_median,0,Left SctO2
38.36312849162012,75.71008076073235,75.21711570220265,76.20956214995418,ET_CO2,rSO2_Ch1,1,All,10000,slice_median,0,Left SctO2
38.5195530726257,75.79719912598927,75.30017436878875,76.28430881180313,ET_CO2,rSO2_Ch1,1,All,10000,slice_median,0,Left SctO2
38.675977653631286,75.88337565557428,75.37613384725917,76.37827815003442,ET_CO2,rSO2_Ch1,1,All,10000,slice_median,0,Left SctO2
38.83240223463688,75.96857674870135,75.46661818677649,76.46806677041064,ET_CO2,rSO2_Ch1,1,All,10000,slice_median,0,Left SctO2
38.98882681564245,76.05276880458439,75.53583250337925,76.54102374300429,ET_CO2,rSO2_Ch1,1,All,10000,slice_median,0,Left SctO2
39.14525139664805,76.13591822243737,75.60404374432738,76.64542144827536,ET_CO2,rSO2_Ch1,1,All,10000,slice_median,0,Left SctO2
39.30167597765363,76.21799140147431,75.6712709832291,76.75114073674017,ET_CO2,rSO2_Ch1,1,All,10000,slice_median,0,Left SctO2
39.45810055865922,76.29895474090911,75.73753329369262,76.85558409322202,ET_CO2,rSO2_Ch1,1,All,10000,slice_median,0,Left SctO2
39.614525139664806,76.37877463995578,75.80284974932624,76.95862056976526,ET_CO2,rSO2_Ch1,1,All,10000,slice_median,0,Left SctO2
39.77094972067039,76.45741749782822,75.86776386924262,77.0601192184142,ET_CO2,rSO2_Ch1,1,All,10000,slice_median,0,Left SctO2
39.92737430167598,76.53484971374036,75.93562728346919,77.15994909121324,ET_CO2,rSO2_Ch1,1,All,10000,slice_median,0,Left SctO2
40.08379888268156,76.61103768690627,76.00285085755787,77.25797924020668,ET_CO2,rSO2_Ch1,1,All,10000,slice_median,0,Left SctO2
40.24022346368715,76.68594781653981,76.069448324356,77.35091981286499,ET_CO2,rSO2_Ch1,1,All,10000,slice_median,0,Left SctO2
40.39664804469274,76.75954654235547,76.13543341671088,77.4267156575098,ET_CO2,rSO2_Ch1,1,All,10000,slice_median,0,Left SctO2
40.55307262569832,76.8318007090228,76.20081986746985,77.50085695637728,ET_CO2,rSO2_Ch1,1,All,10000,slice_median,0,Left SctO2
40.70949720670392,76.90267739425839,76.26562140948019,77.57328546475924,ET_CO2,rSO2_Ch1,1,All,10000,slice_median,0,Left SctO2
40.865921787709496,76.97214367857107,76.32985177558925,77.64394293794747,ET_CO2,rSO2_Ch1,1,All,10000,slice_median,0,Left SctO2
41.02234636871509,77.0401666618467,76.3908171744138,77.71277118076242,ET_CO2,rSO2_Ch1,1,All,10000,slice_median,0,Left SctO2
41.17877094972067,77.10672328728509,76.4454286181958,77.77973715857893,ET_CO2,rSO2_Ch1,1,All,10000,slice_median,0,Left SctO2
41.33519553072625,77.17181632709733,76.49927128827652,77.84507620928593,ET_CO2,rSO2_Ch1,1,All,10000,slice_median,0,Left SctO2
41.49162011173185,77.23545273884082,76.5523400423613,77.91968299846673,ET_CO2,rSO2_Ch1,1,All,10000,slice_median,0,Left SctO2
41.64804469273743,77.29763948007277,76.61247552584474,77.99228243491672,ET_CO2,rSO2_Ch1,1,All,10000,slice_median,0,Left SctO2
41.80446927374302,77.35838350835067,76.65613523336437,78.06296862294795,ET_CO2,rSO2_Ch1,1,All,10000,slice_median,0,Left SctO2
41.960893854748605,77.41769178123175,76.70685138569337,78.1318356668724,ET_CO2,rSO2_Ch1,1,All,10000,slice_median,0,Left SctO2
42.117318435754186,77.4755712562733,76.75677305284779,78.1989776710021,ET_CO2,rSO2_Ch1,1,All,10000,slice_median,0,Left SctO2
42.27374301675978,77.53202889103252,76.80589509253299,78.26448873964898,ET_CO2,rSO2_Ch1,1,All,10000,slice_median,0,Left SctO2
42.43016759776536,77.58707164306706,76.84679762478163,78.3284629771251,ET_CO2,rSO2_Ch1,1,All,10000,slice_median,0,Left SctO2
42.58659217877095,77.64070646993399,76.88968562009296,78.39099448774243,ET_CO2,rSO2_Ch1,1,All,10000,slice_median,0,Left SctO2
42.74301675977654,77.69294032919065,76.93058614096196,78.452177375813,ET_CO2,rSO2_Ch1,1,All,10000,slice_median,0,Left SctO2
42.89944134078212,77.74378017839443,76.95910007100807,78.51210574564877,ET_CO2,rSO2_Ch1,1,All,10000,slice_median,0,Left SctO2
43.05586592178771,77.79323297510254,76.98709121844865,78.52471456615933,ET_CO2,rSO2_Ch1,1,All,10000,slice_median,0,Left SctO2
43.212290502793294,77.84130567687252,77.01464974349201,78.54463432397546,ET_CO2,rSO2_Ch1,1,All,10000,slice_median,0,Left SctO2
43.36871508379888,77.88800524126138,77.04186580634638,78.61402996072334,ET_CO2,rSO2_Ch1,1,All,10000,slice_median,0,Left SctO2
43.52513966480447,77.93333862582668,77.06882953112465,78.681745862216,ET_CO2,rSO2_Ch1,1,All,10000,slice_median,0,Left SctO2
43.68156424581005,77.97731278812563,77.06516626035568,78.74777256968068,ET_CO2,rSO2_Ch1,1,All,10000,slice_median,0,Left SctO2
43.837988826815646,78.01993468571554,77.10649029914201,78.81360464348194,ET_CO2,rSO2_Ch1,1,All,10000,slice_median,0,Left SctO2
43.99441340782123,78.06121127615374,77.14910864003895,78.89074112703477,ET_CO2,rSO2_Ch1,1,All,10000,slice_median,0,Left SctO2
44.150837988826815,78.10114951701013,77.17596479507213,78.95766256532258,ET_CO2,rSO2_Ch1,1,All,10000,slice_median,0,Left SctO2
44.3072625698324,78.1397564746345,77.20301944916582,79.01053496508524,ET_CO2,rSO2_Ch1,1,All,10000,slice_median,0,Left SctO2
44.463687150837984,78.17703958890182,77.21114757813959,79.0630938897331,ET_CO2,rSO2_Ch1,1,All,10000,slice_median,0,Left SctO2
44.62011173184358,78.21300637979674,77.2580848953678,79.11543344357815,ET_CO2,rSO2_Ch1,1,All,10000,slice_median,0,Left SctO2
44.77653631284916,78.24766436730404,77.28627600789258,79.16764773093243,ET_CO2,rSO2_Ch1,1,All,10000,slice_median,0,Left SctO2
44.93296089385475,78.28102107140845,77.31502626031087,79.21404019166054,ET_CO2,rSO2_Ch1,1,All,10000,slice_median,0,Left SctO2
45.089385474860336,78.31308516895088,77.34442252589756,79.2644406878371,ET_CO2,rSO2_Ch1,1,All,10000,slice_median,0,Left SctO2
45.24581005586592,78.34388476834258,77.36428098224812,79.31309837451256,ET_CO2,rSO2_Ch1,1,All,10000,slice_median,0,Left SctO2
45.40223463687151,78.37346410167912,77.3792499441659,79.36007296552333,ET_CO2,rSO2_Ch1,1,All,10000,slice_median,0,Left SctO2
45.55865921787709,78.40186788910464,77.35721170620485,79.4054250942825,ET_CO2,rSO2_Ch1,1,All,10000,slice_median,0,Left SctO2
45.71508379888268,78.4291408507635,77.37339896159023,79.44921539420326,ET_CO2,rSO2_Ch1,1,All,10000,slice_median,0,Left SctO2
45.87150837988827,78.45532770679989,77.3628206343105,79.49859338008889,ET_CO2,rSO2_Ch1,1,All,10000,slice_median,0,Left SctO2
46.02793296089386,78.48047317735814,77.35006937508422,79.58593907056184,ET_CO2,rSO2_Ch1,1,All,10000,slice_median,0,Left SctO2
46.184357541899445,78.50462198258245,77.33523390435423,79.63636041506761,ET_CO2,rSO2_Ch1,1,All,10000,slice_median,0,Left SctO2
46.34078212290503,78.52781884261711,77.35073075876706,79.64423237696235,ET_CO2,rSO2_Ch1,1,All,10000,slice_median,0,Left SctO2
46.49720670391061,78.5501084776064,77.34366486492664,79.64979592596751,ET_CO2,rSO2_Ch1,1,All,10000,slice_median,0,Left SctO2
46.6536312849162,78.57153560769453,77.2912897090718,79.69219555081892,ET_CO2,rSO2_Ch1,1,All,10000,slice_median,0,Left SctO2
46.81005586592179,78.59214495302587,77.2568243152534,79.76108544358112,ET_CO2,rSO2_Ch1,1,All,10000,slice_median,0,Left SctO2
46.96648044692738,78.61198123374444,77.23289859364704,79.82974323112568,ET_CO2,rSO2_Ch1,1,All,10000,slice_median,0,Left SctO2
47.12290502793296,78.63108916999482,77.20742098319387,79.89817812609512,ET_CO2,rSO2_Ch1,1,All,10000,slice_median,0,Left SctO2
47.27932960893855,78.649513481921,77.1804802043367,79.96639934113196,ET_CO2,rSO2_Ch1,1,All,10000,slice_median,0,Left SctO2
47.43575418994413,78.66729888966739,77.09480568922815,80.01793742958586,ET_CO2,rSO2_Ch1,1,All,10000,slice_median,0,Left SctO2
47.59217877094972,78.68449011337823,77.0753439481104,80.04952533903199,ET_CO2,rSO2_Ch1,1,All,10000,slice_median,0,Left SctO2
47.74860335195531,78.70113187319761,77.06472127029633,80.08381593265824,ET_CO2,rSO2_Ch1,1,All,10000,slice_median,0,Left SctO2
47.90502793296089,78.7172688892701,77.04948797658359,80.10660637232175,ET_CO2,rSO2_Ch1,1,All,10000,slice_median,0,Left SctO2
48.06145251396648,78.73294597614657,77.02693399948936,80.16379217714562,ET_CO2,rSO2_Ch1,1,All,10000,slice_median,0,Left SctO2
48.21787709497207,78.74820855009071,76.99307733950731,80.23302770327695,ET_CO2,rSO2_Ch1,1,All,10000,slice_median,0,Left SctO2
48.374301675977655,78.76310095477771,76.9366567014285,80.30220368087689,ET_CO2,rSO2_Ch1,1,All,10000,slice_median,0,Left SctO2
48.53072625698324,78.77766726899547,76.87504595825602,80.37133479106356,ET_CO2,rSO2_Ch1,1,All,10000,slice_median,0,Left SctO2
48.68715083798882,78.79195157153207,76.81271972548677,80.44043571495509,ET_CO2,rSO2_Ch1,1,All,10000,slice_median,0,Left SctO2
48.84357541899441,78.80599794117546,76.74979036396883,80.50952113366955,ET_CO2,rSO2_Ch1,1,All,10000,slice_median,0,Left SctO2
49.0,78.81985045671367,76.67654484881304,80.57860572832506,ET_CO2,rSO2_Ch1,1,All,10000,slice_median,0,Left SctO2
21.0,67.80513152427554,67.0200757824852,68.61026805297791,ET_CO2,rSO2_Ch2,1,All,10000,slice_median,0,Right SctO2
21.156424581005588,67.82127861013042,67.06795666367805,68.59599177246855,ET_CO2,rSO2_Ch2,1,All,10000,slice_median,0,Right SctO2
21.31284916201117,67.83810973697612,67.11604988093497,68.58030338672032,ET_CO2,rSO2_Ch2,1,All,10000,slice_median,0,Right SctO2
21.46927374301676,67.85568941412538,67.16438402373336,68.56568004873753,ET_CO2,rSO2_Ch2,1,All,10000,slice_median,0,Right SctO2
21.625698324022345,67.87408215089098,67.20936486447303,68.56238986528342,ET_CO2,rSO2_Ch2,1,All,10000,slice_median,0,Right SctO2
21.782122905027933,67.89335245658575,67.23985173653107,68.56460740157446,ET_CO2,rSO2_Ch2,1,All,10000,slice_median,0,Right SctO2
21.93854748603352,67.91356484052258,67.28825066035103,68.55952807948486,ET_CO2,rSO2_Ch2,1,All,10000,slice_median,0,Right SctO2
22.094972067039105,67.93478381201409,67.33727493169508,68.55611602319902,ET_CO2,rSO2_Ch2,1,All,10000,slice_median,0,Right SctO2
22.251396648044693,67.95707388037339,67.37359279870189,68.55639401497893,ET_CO2,rSO2_Ch2,1,All,10000,slice_median,0,Right SctO2
22.40782122905028,67.98049955491311,67.4121853521077,68.55685593026786,ET_CO2,rSO2_Ch2,1,All,10000,slice_median,0,Right SctO2
22.564245810055866,68.00512534494604,67.44667737280878,68.55940605488848,ET_CO2,rSO2_Ch2,1,All,10000,slice_median,0,Right SctO2
22.720670391061454,68.03101575978502,67.48583979492183,68.57436079793727,ET_CO2,rSO2_Ch2,1,All,10000,slice_median,0,Right SctO2
22.87709497206704,68.05823530874301,67.52688147255891,68.58585648384573,ET_CO2,rSO2_Ch2,1,All,10000,slice_median,0,Right SctO2
23.033519553072622,68.08684850113266,67.56990177983326,68.58593087748181,ET_CO2,rSO2_Ch2,1,All,10000,slice_median,0,Right SctO2
23.18994413407821,68.11691984626682,67.61182211818769,68.59342300929288,ET_CO2,rSO2_Ch2,1,All,10000,slice_median,0,Right SctO2
23.3463687150838,68.14851385345837,67.65386957020681,68.62512743945176,ET_CO2,rSO2_Ch2,1,All,10000,slice_median,0,Right SctO2
23.502793296089383,68.18169503202004,67.69717725135165,68.63878432909509,ET_CO2,rSO2_Ch2,1,All,10000,slice_median,0,Right SctO2
23.65921787709497,68.21652789126475,67.73989405626435,68.6510584991279,ET_CO2,rSO2_Ch2,1,All,10000,slice_median,0,Right SctO2
23.81564245810056,68.25307694050522,67.78779018412467,68.67258876342459,ET_CO2,rSO2_Ch2,1,All,10000,slice_median,0,Right SctO2
23.972067039106147,68.29140668905424,67.83520387730597,68.70053508789181,ET_CO2,rSO2_Ch2,1,All,10000,slice_median,0,Right SctO2
24.12849162011173,68.33158148677077,67.88409465763607,68.733717323506,ET_CO2,rSO2_Ch2,1,All,10000,slice_median,0,Right SctO2
24.28491620111732,68.3736323566379,67.93449173799385,68.7691117869222,ET_CO2,rSO2_Ch2,1,All,10000,slice_median,0,Right SctO2
24.441340782122904,68.41749660623161,67.98635246804189,68.81669276383161,ET_CO2,rSO2_Ch2,1,All,10000,slice_median,0,Right SctO2
24.59776536312849,68.46309486011627,68.03962135487141,68.86789161757063,ET_CO2,rSO2_Ch2,1,All,10000,slice_median,0,Right SctO2
24.75418994413408,68.51034774285634,68.09424290557368,68.91941355294726,ET_CO2,rSO2_Ch2,1,All,10000,slice_median,0,Right SctO2
24.910614525139664,68.55917587901635,68.15016162723992,68.9712502198861,ET_CO2,rSO2_Ch2,1,All,10000,slice_median,0,Right SctO2
25.06703910614525,68.60949989316082,68.20732202696138,69.0233932683118,ET_CO2,rSO2_Ch2,1,All,10000,slice_median,0,Right SctO2
25.22346368715084,68.66124040985414,68.26461527809897,69.07583434814899,ET_CO2,rSO2_Ch2,1,All,10000,slice_median,0,Right SctO2
25.379888268156424,68.71431805366093,68.32514588893491,69.1285651093223,ET_CO2,rSO2_Ch2,1,All,10000,slice_median,0,Right SctO2
25.53631284916201,68.76865344914562,68.38213757814006,69.18157720175634,ET_CO2,rSO2_Ch2,1,All,10000,slice_median,0,Right SctO2
25.6927374301676,68.82416722087262,68.43662086588239,69.23486227537578,ET_CO2,rSO2_Ch2,1,All,10000,slice_median,0,Right SctO2
25.849162011173185,68.88077999340642,68.49263830650098,69.28841198010522,ET_CO2,rSO2_Ch2,1,All,10000,slice_median,0,Right SctO2
26.005586592178773,68.93841239131164,68.55447886570852,69.33762714994373,ET_CO2,rSO2_Ch2,1,All,10000,slice_median,0,Right SctO2
26.16201117318436,68.99698503915273,68.6221419406661,69.3969561807476,ET_CO2,rSO2_Ch2,1,All,10000,slice_median,0,Right SctO2
26.318435754189945,69.05641856149408,68.69034384184198,69.46035765320372,ET_CO2,rSO2_Ch2,1,All,10000,slice_median,0,Right SctO2
26.47486033519553,69.11663358290016,68.75551998769296,69.52444763825454,ET_CO2,rSO2_Ch2,1,All,10000,slice_median,0,Right SctO2
26.63128491620112,69.1775507279356,68.80834679053987,69.58901372922764,ET_CO2,rSO2_Ch2,1,All,10000,slice_median,0,Right SctO2
26.787709497206706,69.23909062116475,68.86259299812893,69.65384351945062,ET_CO2,rSO2_Ch2,1,All,10000,slice_median,0,Right SctO2
26.94413407821229,69.3011738871522,68.92384294732008,69.71872460225102,ET_CO2,rSO2_Ch2,1,All,10000,slice_median,0,Right SctO2
27.10055865921788,69.3637211928127,68.99047344350043,69.78344457095643,ET_CO2,rSO2_Ch2,1,All,10000,slice_median,0,Right SctO2
27.256983240223462,69.42665392099401,69.04921373779084,69.83645447015844,ET_CO2,rSO2_Ch2,1,All,10000,slice_median,0,Right SctO2
27.41340782122905,69.48992280899866,69.10755707299651,69.88996841259001,ET_CO2,rSO2_Ch2,1,All,10000,slice_median,0,Right SctO2
27.56983240223464,69.55353938294562,69.16714167335341,69.951931654574,ET_CO2,rSO2_Ch2,1,All,10000,slice_median,0,Right SctO2
27.726256983240223,69.61752282243147,69.23617278033934,70.01490728499435,ET_CO2,rSO2_Ch2,1,All,10000,slice_median,0,Right SctO2
27.88268156424581,69.68189230705288,69.3053538402946,70.07793731913252,ET_CO2,rSO2_Ch2,1,All,10000,slice_median,0,Right SctO2
28.039106145251395,69.74666701640636,69.37468980758106,70.14106196150404,ET_CO2,rSO2_Ch2,1,All,10000,slice_median,0,Right SctO2
28.195530726256983,69.81186613008866,69.44418563656066,70.2043214166245,ET_CO2,rSO2_Ch2,1,All,10000,slice_median,0,Right SctO2
28.35195530726257,69.87750882769635,69.51366315102456,70.26775588900945,ET_CO2,rSO2_Ch2,1,All,10000,slice_median,0,Right SctO2
28.50837988826816,69.94361428882597,69.58063555896427,70.3314055831745,ET_CO2,rSO2_Ch2,1,All,10000,slice_median,0,Right SctO2
28.664804469273744,70.0102016930742,69.65044219877326,70.39873588291908,ET_CO2,rSO2_Ch2,1,All,10000,slice_median,0,Right SctO2
28.821229050279328,70.07729022003764,69.71468926232147,70.47168971811048,ET_CO2,rSO2_Ch2,1,All,10000,slice_median,0,Right SctO2
28.97765363128492,70.1448990493129,69.77996682926658,70.53332399391658,ET_CO2,rSO2_Ch2,1,All,10000,slice_median,0,Right SctO2
29.134078212290504,70.2130473604966,69.84907220601796,70.59504318632169,ET_CO2,rSO2_Ch2,1,All,10000,slice_median,0,Right SctO2
29.29050279329609,70.2817543331853,69.91890127713881,70.65690286743478,ET_CO2,rSO2_Ch2,1,All,10000,slice_median,0,Right SctO2
29.44692737430168,70.35103914697574,69.98554873971852,70.72007485841851,ET_CO2,rSO2_Ch2,1,All,10000,slice_median,0,Right SctO2
29.60335195530726,70.42092098146438,70.05349067330144,70.78635683148013,ET_CO2,rSO2_Ch2,1,All,10000,slice_median,0,Right SctO2
29.75977653631285,70.49141901624796,70.12714667924526,70.85317566244642,ET_CO2,rSO2_Ch2,1,All,10000,slice_median,0,Right SctO2
29.91620111731844,70.562552430923,70.2010700569619,70.92057155583292,ET_CO2,rSO2_Ch2,1,All,10000,slice_median,0,Right SctO2
30.072625698324025,70.63434040841473,70.2751822216356,70.98858471615523,ET_CO2,rSO2_Ch2,1,All,10000,slice_median,0,Right SctO2
30.22905027932961,70.70680222275463,70.34940458845067,71.05725534792892,ET_CO2,rSO2_Ch2,1,All,10000,slice_median,0,Right SctO2
30.385474860335197,70.77995716062061,70.42365935195429,71.12662371214422,ET_CO2,rSO2_Ch2,1,All,10000,slice_median,0,Right SctO2
30.54189944134078,70.85381927226015,70.49791546846826,71.19786480318349,ET_CO2,rSO2_Ch2,1,All,10000,slice_median,0,Right SctO2
30.69832402234637,70.92839448352757,70.57221437506517,71.27602550407428,ET_CO2,rSO2_Ch2,1,All,10000,slice_median,0,Right SctO2
30.85474860335196,71.00368802140466,70.64660374372082,71.35420168346899,ET_CO2,rSO2_Ch2,1,All,10000,slice_median,0,Right SctO2
31.011173184357546,71.07970511287324,70.72113124641102,71.4324100244273,ET_CO2,rSO2_Ch2,1,All,10000,slice_median,0,Right SctO2
31.167597765363126,71.15645098491512,70.7958445551116,71.5106672100089,ET_CO2,rSO2_Ch2,1,All,10000,slice_median,0,Right SctO2
31.324022346368714,71.23393086451213,70.87079134179838,71.58898992327349,ET_CO2,rSO2_Ch2,1,All,10000,slice_median,0,Right SctO2
31.480446927374302,71.31214997864606,70.9460192784472,71.66739484728073,ET_CO2,rSO2_Ch2,1,All,10000,slice_median,0,Right SctO2
31.63687150837989,71.39111355429871,71.02175931530816,71.74589866509031,ET_CO2,rSO2_Ch2,1,All,10000,slice_median,0,Right SctO2
31.793296089385475,71.47082681845195,71.1000881633936,71.82451805976191,ET_CO2,rSO2_Ch2,1,All,10000,slice_median,0,Right SctO2
31.94972067039106,71.55129499808747,71.17530325853811,71.90053759575068,ET_CO2,rSO2_Ch2,1,All,10000,slice_median,0,Right SctO2
32.10614525139665,71.63252332018715,71.25899537943786,71.9747228841204,ET_CO2,rSO2_Ch2,1,All,10000,slice_median,0,Right SctO2
32.262569832402235,71.71451701173281,71.33657853012997,72.05841383947725,ET_CO2,rSO2_Ch2,1,All,10000,slice_median,0,Right SctO2
32.41899441340782,71.7972812997062,71.41088266801086,72.13915302882282,ET_CO2,rSO2_Ch2,1,All,10000,slice_median,0,Right SctO2
32.57541899441341,71.8808214110892,71.49064544427621,72.22028732517342,ET_CO2,rSO2_Ch2,1,All,10000,slice_median,0,Right SctO2
32.73184357541899,71.96514257286357,71.57342038835384,72.30335985550535,ET_CO2,rSO2_Ch2,1,All,10000,slice_median,0,Right SctO2
32.88826815642458,72.05025001201116,71.6563436876426,72.38792653124497,ET_CO2,rSO2_Ch2,1,All,10000,slice_median,0,Right SctO2
33.04469273743017,72.13614895358305,71.73936562193437,72.47404006770611,ET_CO2,rSO2_Ch2,1,All,10000,slice_median,0,Right SctO2
33.20111731843576,72.22284445442163,71.82243647102099,72.56175318020259,ET_CO2,rSO2_Ch2,1,All,10000,slice_median,0,Right SctO2
33.357541899441344,72.31034127501304,71.9055065146943,72.65111858404822,ET_CO2,rSO2_Ch2,1,All,10000,slice_median,0,Right SctO2
33.513966480446925,72.39864352846796,71.9885278902516,72.74366267342923,ET_CO2,rSO2_Ch2,1,All,10000,slice_median,0,Right SctO2
33.67039106145251,72.48773660911489,72.07150906964787,72.83639491206573,ET_CO2,rSO2_Ch2,1,All,10000,slice_median,0,Right SctO2
33.8268156424581,72.57758427040275,72.15452365362309,72.92925625953215,ET_CO2,rSO2_Ch2,1,All,10000,slice_median,0,Right SctO2
33.98324022346369,72.66814906029471,72.23764887085758,73.0250398725992,ET_CO2,rSO2_Ch2,1,All,10000,slice_median,0,Right SctO2
34.13966480446928,72.75939352675384,72.3209619500317,73.12217418433634,ET_CO2,rSO2_Ch2,1,All,10000,slice_median,0,Right SctO2
34.29608938547486,72.85128021774325,72.40454011982578,73.22054782866282,ET_CO2,rSO2_Ch2,1,All,10000,slice_median,0,Right SctO2
34.452513966480446,72.94377168122604,72.49628144049419,73.32004943949782,ET_CO2,rSO2_Ch2,1,All,10000,slice_median,0,Right SctO2
34.608938547486034,73.03683046516548,72.59154293089284,73.42056765076052,ET_CO2,rSO2_Ch2,1,All,10000,slice_median,0,Right SctO2
34.76536312849162,73.13041911752468,72.68810602316235,73.52199109637013,ET_CO2,rSO2_Ch2,1,All,10000,slice_median,0,Right SctO2
34.92178770949721,73.22450018626678,72.7859110753735,73.62112942845378,ET_CO2,rSO2_Ch2,1,All,10000,slice_median,0,Right SctO2
35.07821229050279,73.31903621935477,72.88489844559714,73.71901546794923,ET_CO2,rSO2_Ch2,1,All,10000,slice_median,0,Right SctO2
35.23463687150838,73.41398976475199,72.98500849190405,73.81675729877509,ET_CO2,rSO2_Ch2,1,All,10000,slice_median,0,Right SctO2
35.391061452513966,73.50932337042136,73.08618157236506,73.91429433310971,ET_CO2,rSO2_Ch2,1,All,10000,slice_median,0,Right SctO2
35.547486033519554,73.60499958432628,73.18835804505099,74.01156598313149,ET_CO2,rSO2_Ch2,1,All,10000,slice_median,0,Right SctO2
35.70391061452514,73.7009809544296,73.29147826803263,74.10851166101882,ET_CO2,rSO2_Ch2,1,All,10000,slice_median,0,Right SctO2
35.86033519553072,73.79723002869464,73.39525219168667,74.20507077895007,ET_CO2,rSO2_Ch2,1,All,10000,slice_median,0,Right SctO2
36.01675977653631,73.89370935500885,73.48212319517725,74.30762987277984,ET_CO2,rSO2_Ch2,1,All,10000,slice_median,0,Right SctO2
36.1731843575419,73.99038139808891,73.572043357713,74.41567568934721,ET_CO2,rSO2_Ch2,1,All,10000,slice_median,0,Right SctO2
36.32960893854749,74.08720838062568,73.67431667292519,74.51722510728356,ET_CO2,rSO2_Ch2,1,All,10000,slice_median,0,Right SctO2
36.48603351955308,74.18415248152948,73.77031182015084,74.61153011131383,ET_CO2,rSO2_Ch2,1,All,10000,slice_median,0,Right SctO2
36.642458100558656,74.28117487080654,73.86644132034309,74.70260288458114,ET_CO2,rSO2_Ch2,1,All,10000,slice_median,0,Right SctO2
36.79888268156424,74.37821860661764,73.96348809464645,74.79176622804242,ET_CO2,rSO2_Ch2,1,All,10000,slice_median,0,Right SctO2
36.95530726256983,74.47521108086181,74.06134352968714,74.87909150289535,ET_CO2,rSO2_Ch2,1,All,10000,slice_median,0,Right SctO2
37.11173184357542,74.5720791688792,74.15890907178026,74.9646538633514,ET_CO2,rSO2_Ch2,1,All,10000,slice_median,0,Right SctO2
37.26815642458101,74.6687497460099,74.24540637608484,75.05021972492396,ET_CO2,rSO2_Ch2,1,All,10000,slice_median,0,Right SctO2
37.42458100558659,74.765149687594,74.34480511017836,75.154032842003,ET_CO2,rSO2_Ch2,1,All,10000,slice_median,0,Right SctO2
37.58100558659218,74.86120586897167,74.44228766850642,75.24294388650846,ET_CO2,rSO2_Ch2,1,All,10000,slice_median,0,Right SctO2
37.737430167597765,74.95684516548309,74.53567200618303,75.34524982744037,ET_CO2,rSO2_Ch2,1,All,10000,slice_median,0,Right SctO2
37.89385474860335,75.05199445246822,74.63837597807186,75.44726407967035,ET_CO2,rSO2_Ch2,1,All,10000,slice_median,0,Right SctO2
38.05027932960894,75.14658060526736,74.74083946249145,75.5489339206492,ET_CO2,rSO2_Ch2,1,All,10000,slice_median,0,Right SctO2
38.20670391061452,75.24053049922051,74.84294280024662,75.65020662782776,ET_CO2,rSO2_Ch2,1,All,10000,slice_median,0,Right SctO2
38.36312849162012,75.33377100966779,74.94456633214213,75.75102947865685,ET_CO2,rSO2_Ch2,1,All,10000,slice_median,0,Right SctO2
38.5195530726257,75.42622901194943,75.02752155321464,75.85424487444514,ET_CO2,rSO2_Ch2,1,All,10000,slice_median,0,Right SctO2
38.675977653631286,75.51783138140549,75.10746847109573,75.95976791508366,ET_CO2,rSO2_Ch2,1,All,10000,slice_median,0,Right SctO2
38.83240223463688,75.60850499337603,75.19194031283772,76.05679643874599,ET_CO2,rSO2_Ch2,1,All,10000,slice_median,0,Right SctO2
38.98882681564245,75.69817672320119,75.27816969791436,76.14984688716751,ET_CO2,rSO2_Ch2,1,All,10000,slice_median,0,Right SctO2
39.14525139664805,75.7867735574033,75.36627254867878,76.24111579057934,ET_CO2,rSO2_Ch2,1,All,10000,slice_median,0,Right SctO2
39.30167597765363,75.87422303386015,75.46259029239958,76.3305035455909,ET_CO2,rSO2_Ch2,1,All,10000,slice_median,0,Right SctO2
39.45810055865922,75.9604528610438,75.53878610131004,76.41791054881163,ET_CO2,rSO2_Ch2,1,All,10000,slice_median,0,Right SctO2
39.614525139664806,76.04539074747674,75.61342978270055,76.51339712420918,ET_CO2,rSO2_Ch2,1,All,10000,slice_median,0,Right SctO2
39.77094972067039,76.12896852367244,75.68645812129343,76.61170365426501,ET_CO2,rSO2_Ch2,1,All,10000,slice_median,0,Right SctO2
39.92737430167598,76.21116593829028,75.75895912090252,76.70839117049056,ET_CO2,rSO2_Ch2,1,All,10000,slice_median,0,Right SctO2
40.08379888268156,76.29199365492245,75.83762193939666,76.79132360315009,ET_CO2,rSO2_Ch2,1,All,10000,slice_median,0,Right SctO2
40.24022346368715,76.37146285240999,75.91584651211932,76.86930241629453,ET_CO2,rSO2_Ch2,1,All,10000,slice_median,0,Right SctO2
40.39664804469274,76.44958470959385,75.99001427012388,76.94197208117978,ET_CO2,rSO2_Ch2,1,All,10000,slice_median,0,Right SctO2
40.55307262569832,76.52637040531516,76.06177351933972,77.01279215531356,ET_CO2,rSO2_Ch2,1,All,10000,slice_median,0,Right SctO2
40.70949720670392,76.60183111841489,76.133179011833,77.08176407279551,ET_CO2,rSO2_Ch2,1,All,10000,slice_median,0,Right SctO2
40.865921787709496,76.67597802773412,76.20423343008245,77.14888926772524,ET_CO2,rSO2_Ch2,1,All,10000,slice_median,0,Right SctO2
41.02234636871509,76.74882231211386,76.27493945656691,77.23621995001429,ET_CO2,rSO2_Ch2,1,All,10000,slice_median,0,Right SctO2
41.17877094972067,76.82037515039517,76.34529977376515,77.31507037661929,ET_CO2,rSO2_Ch2,1,All,10000,slice_median,0,Right SctO2
41.33519553072625,76.89064772141903,76.4121964879554,77.38420400579116,ET_CO2,rSO2_Ch2,1,All,10000,slice_median,0,Right SctO2
41.49162011173185,76.95965120402647,76.4626883847243,77.4518883252466,ET_CO2,rSO2_Ch2,1,All,10000,slice_median,0,Right SctO2
41.64804469273743,77.02739677705858,76.51195444850696,77.51811417661898,ET_CO2,rSO2_Ch2,1,All,10000,slice_median,0,Right SctO2
41.80446927374302,77.09389561935637,76.56010650315285,77.58287240154172,ET_CO2,rSO2_Ch2,1,All,10000,slice_median,0,Right SctO2
41.960893854748605,77.1591589097609,76.62125258319989,77.66682510333857,ET_CO2,rSO2_Ch2,1,All,10000,slice_median,0,Right SctO2
42.117318435754186,77.22319781955271,76.6653149816287,77.75374364060633,ET_CO2,rSO2_Ch2,1,All,10000,slice_median,0,Right SctO2
42.27374301675978,77.28602345420899,76.70161285269695,77.84082381902698,ET_CO2,rSO2_Ch2,1,All,10000,slice_median,0,Right SctO2
42.43016759776536,77.3476468853249,76.75151099931833,77.92810287281571,ET_CO2,rSO2_Ch2,1,All,10000,slice_median,0,Right SctO2
42.58659217877095,77.40807918421581,76.79384274647563,78.01561803618779,ET_CO2,rSO2_Ch2,1,All,10000,slice_median,0,Right SctO2
42.74301675977654,77.46733142219689,76.8357957377722,78.1034065433584,ET_CO2,rSO2_Ch2,1,All,10000,slice_median,0,Right SctO2
42.89944134078212,77.52541677665914,76.87839476255024,78.1737565794374,ET_CO2,rSO2_Ch2,1,All,10000,slice_median,0,Right SctO2
43.05586592178771,77.58236515079655,76.91887833064733,78.2323843933757,ET_CO2,rSO2_Ch2,1,All,10000,slice_median,0,Right SctO2
43.212290502793294,77.63821442387402,76.96146139990155,78.3128602088542,ET_CO2,rSO2_Ch2,1,All,10000,slice_median,0,Right SctO2
43.36871508379888,77.69300252427803,77.00411733215002,78.39321803303453,ET_CO2,rSO2_Ch2,1,All,10000,slice_median,0,Right SctO2
43.52513966480447,77.74676738039487,77.04653597466051,78.46699639387755,ET_CO2,rSO2_Ch2,1,All,10000,slice_median,0,Right SctO2
43.68156424581005,77.79954692061096,77.08873561932639,78.52322763760684,ET_CO2,rSO2_Ch2,1,All,10000,slice_median,0,Right SctO2
43.837988826815646,77.85137907331271,77.130734558041,78.57801962351063,ET_CO2,rSO2_Ch2,1,All,10000,slice_median,0,Right SctO2
43.99441340782123,77.9023017668864,77.17255108269772,78.6465709615762,ET_CO2,rSO2_Ch2,1,All,10000,slice_median,0,Right SctO2
44.150837988826815,77.9523529297184,77.21420348518988,78.71865857367554,ET_CO2,rSO2_Ch2,1,All,10000,slice_median,0,Right SctO2
44.3072625698324,78.00157049019514,77.25571005741088,78.78966678909198,ET_CO2,rSO2_Ch2,1,All,10000,slice_median,0,Right SctO2
44.463687150837984,78.04999237670283,77.29708909125405,78.85966202285779,ET_CO2,rSO2_Ch2,1,All,10000,slice_median,0,Right SctO2
44.62011173184358,78.09765651762801,77.33835887861277,78.92871069000523,ET_CO2,rSO2_Ch2,1,All,10000,slice_median,0,Right SctO2
44.77653631284916,78.14460084135702,77.37953771138035,78.99411834847265,ET_CO2,rSO2_Ch2,1,All,10000,slice_median,0,Right SctO2
44.93296089385475,78.1908632762762,77.4206438814502,79.0523093108886,ET_CO2,rSO2_Ch2,1,All,10000,slice_median,0,Right SctO2
45.089385474860336,78.23648174435411,77.46169568071569,79.1095461004178,ET_CO2,rSO2_Ch2,1,All,10000,slice_median,0,Right SctO2
45.24581005586592,78.28149405976129,77.48390670394993,79.16586322370725,ET_CO2,rSO2_Ch2,1,All,10000,slice_median,0,Right SctO2
45.40223463687151,78.32593794722092,77.5169554061558,79.22129518740387,ET_CO2,rSO2_Ch2,1,All,10000,slice_median,0,Right SctO2
45.55865921787709,78.36985112874846,77.5557373010686,79.27587649815463,ET_CO2,rSO2_Ch2,1,All,10000,slice_median,0,Right SctO2
45.71508379888268,78.41327132635968,77.59443977726919,79.36172671467557,ET_CO2,rSO2_Ch2,1,All,10000,slice_median,0,Right SctO2
45.87150837988827,78.45623626207008,77.61484830049127,79.44824551253335,ET_CO2,rSO2_Ch2,1,All,10000,slice_median,0,Right SctO2
46.02793296089386,78.49878148312084,77.63188951888671,79.5185062300872,ET_CO2,rSO2_Ch2,1,All,10000,slice_median,0,Right SctO2
46.184357541899445,78.54093036735907,77.64906152518125,79.58169523924624,ET_CO2,rSO2_Ch2,1,All,10000,slice_median,0,Right SctO2
46.34078212290503,78.58270206201591,77.6663614713153,79.64458035459413,ET_CO2,rSO2_Ch2,1,All,10000,slice_median,0,Right SctO2
46.49720670391061,78.62411571007473,77.6837864869683,79.70718145981434,ET_CO2,rSO2_Ch2,1,All,10000,slice_median,0,Right SctO2
46.6536312849162,78.6651904545189,77.70133370181972,79.76951843859035,ET_CO2,rSO2_Ch2,1,All,10000,slice_median,0,Right SctO2
46.81005586592179,78.70594543833178,77.71900024554907,79.83161117460565,ET_CO2,rSO2_Ch2,1,All,10000,slice_median,0,Right SctO2
46.96648044692738,78.7463998044968,77.72812194800554,79.89347955154372,ET_CO2,rSO2_Ch2,1,All,10000,slice_median,0,Right SctO2
47.12290502793296,78.78657269599736,77.73169935125287,79.95514345308803,ET_CO2,rSO2_Ch2,1,All,10000,slice_median,0,Right SctO2
47.27932960893855,78.82648325581673,77.73471980632152,80.01662276292203,ET_CO2,rSO2_Ch2,1,All,10000,slice_median,0,Right SctO2
47.43575418994413,78.86615062693853,77.73723308245977,80.07793736472924,ET_CO2,rSO2_Ch2,1,All,10000,slice_median,0,Right SctO2
47.59217877094972,78.90559395234584,77.73928894891588,80.13910714219311,ET_CO2,rSO2_Ch2,1,All,10000,slice_median,0,Right SctO2
47.74860335195531,78.94483237502227,77.7409371749381,80.20015197899714,ET_CO2,rSO2_Ch2,1,All,10000,slice_median,0,Right SctO2
47.90502793296089,78.9838850379512,77.7488935685566,80.27050637043301,ET_CO2,rSO2_Ch2,1,All,10000,slice_median,0,Right SctO2
48.06145251396648,79.02277105668784,77.7651074668112,80.35512447563244,ET_CO2,rSO2_Ch2,1,All,10000,slice_median,0,Right SctO2
48.21787709497207,79.06150932272732,77.75944194208668,80.45035933514154,ET_CO2,rSO2_Ch2,1,All,10000,slice_median,0,Right SctO2
48.374301675977655,79.10011894548279,77.78099329225134,80.54597702988045,ET_CO2,rSO2_Ch2,1,All,10000,slice_median,0,Right SctO2
48.53072625698324,79.13861910196817,77.8067986442166,80.62845452509329,ET_CO2,rSO2_Ch2,1,All,10000,slice_median,0,Right SctO2
48.68715083798882,79.1770289691974,77.83266008246511,80.6887692910886,ET_CO2,rSO2_Ch2,1,All,10000,slice_median,0,Right SctO2
48.84357541899441,79.21536772418438,77.85857446901005,80.74901765879004,ET_CO2,rSO2_Ch2,1,All,10000,slice_median,0,Right SctO2
49.0,79.25365454394293,77.8845386658646,80.80922433451579,ET_CO2,rSO2_Ch2,1,All,10000,slice_median,0,Right SctO2
21.0,73.41323348543128,72.8925838301476,73.89448672753959,ET_CO2,rSO2_Ch3,1,All,10000,slice_median,0,SftO2
21.156424581005588,73.45875767640385,72.95016462183855,73.93235929127552,ET_CO2,rSO2_Ch3,1,All,10000,slice_median,0,SftO2
21.31284916201117,73.50431896820913,73.0077394489563,73.97026672269158,ET_CO2,rSO2_Ch3,1,All,10000,slice_median,0,SftO2
21.46927374301676,73.54991287585949,73.06530224809899,74.00820815979286,ET_CO2,rSO2_Ch3,1,All,10000,slice_median,0,SftO2
21.625698324022345,73.59553491436708,73.12284695586476,74.04618274058438,ET_CO2,rSO2_Ch3,1,All,10000,slice_median,0,SftO2
21.782122905027933,73.64118059874424,73.1803675088518,74.08418960307125,ET_CO2,rSO2_Ch3,1,All,10000,slice_median,0,SftO2
21.93854748603352,73.68684544400313,73.23593349076395,74.1222278852585,ET_CO2,rSO2_Ch3,1,All,10000,slice_median,0,SftO2
22.094972067039105,73.7325249651561,73.28621464865168,74.16029672515121,ET_CO2,rSO2_Ch3,1,All,10000,slice_median,0,SftO2
22.251396648044693,73.7782146772153,73.33588709101392,74.19839526075444,ET_CO2,rSO2_Ch3,1,All,10000,slice_median,0,SftO2
22.40782122905028,73.82391009519297,73.38487814144491,74.23652263007324,ET_CO2,rSO2_Ch3,1,All,10000,slice_median,0,SftO2
22.564245810055866,73.86960673410138,73.43385225414826,74.2746779711127,ET_CO2,rSO2_Ch3,1,All,10000,slice_median,0,SftO2
22.720670391061454,73.91530010895286,73.48280337297817,74.31286042187784,ET_CO2,rSO2_Ch3,1,All,10000,slice_median,0,SftO2
22.87709497206704,73.96098573475949,73.53172544178884,74.35106912037378,ET_CO2,rSO2_Ch3,1,All,10000,slice_median,0,SftO2
23.033519553072622,74.00665912653366,73.5806124044345,74.38930320460554,ET_CO2,rSO2_Ch3,1,All,10000,slice_median,0,SftO2
23.18994413407821,74.05231579928754,73.62945820476938,74.43216028007194,ET_CO2,rSO2_Ch3,1,All,10000,slice_median,0,SftO2
23.3463687150838,74.09795126803333,73.67825678664767,74.47696647321072,ET_CO2,rSO2_Ch3,1,All,10000,slice_median,0,SftO2
23.502793296089383,74.1435610477834,73.72700209392363,74.51778016691898,ET_CO2,rSO2_Ch3,1,All,10000,slice_median,0,SftO2
23.65921787709497,74.18914065354991,73.77568807045148,74.55662428943442,ET_CO2,rSO2_Ch3,1,All,10000,slice_median,0,SftO2
23.81564245810056,74.23468560034509,73.82430866008539,74.59555246245856,ET_CO2,rSO2_Ch3,1,All,10000,slice_median,0,SftO2
23.972067039106147,74.28019140318122,73.87285780667963,74.6345626641357,ET_CO2,rSO2_Ch3,1,All,10000,slice_median,0,SftO2
24.12849162011173,74.3256535770706,73.92132945408841,74.67365287261016,ET_CO2,rSO2_Ch3,1,All,10000,slice_median,0,SftO2
24.28491620111732,74.37106763702532,73.97099157347894,74.71655763787616,ET_CO2,rSO2_Ch3,1,All,10000,slice_median,0,SftO2
24.441340782122904,74.4164290980577,74.02269129387736,74.76226052562652,ET_CO2,rSO2_Ch3,1,All,10000,slice_median,0,SftO2
24.59776536312849,74.4617334751801,74.07432503348515,74.80786718779406,ET_CO2,rSO2_Ch3,1,All,10000,slice_median,0,SftO2
24.75418994413408,74.50697628340464,74.12588641226846,74.85337297741752,ET_CO2,rSO2_Ch3,1,All,10000,slice_median,0,SftO2
24.910614525139664,74.55215303774351,74.17736905019343,74.89877324753564,ET_CO2,rSO2_Ch3,1,All,10000,slice_median,0,SftO2
25.06703910614525,74.59725925320909,74.22876656722622,74.94406335118718,ET_CO2,rSO2_Ch3,1,All,10000,slice_median,0,SftO2
25.22346368715084,74.64229044481358,74.28007258333295,74.98923864141086,ET_CO2,rSO2_Ch3,1,All,10000,slice_median,0,SftO2
25.379888268156424,74.68724212756919,74.32396096638811,75.03429447124545,ET_CO2,rSO2_Ch3,1,All,10000,slice_median,0,SftO2
25.53631284916201,74.7321098164882,74.3662769401391,75.07922619372965,ET_CO2,rSO2_Ch3,1,All,10000,slice_median,0,SftO2
25.6927374301676,74.77688902658284,74.40864723818429,75.12402916190224,ET_CO2,rSO2_Ch3,1,All,10000,slice_median,0,SftO2
25.849162011173185,74.82157527286532,74.45107024347004,75.16869872880196,ET_CO2,rSO2_Ch3,1,All,10000,slice_median,0,SftO2
26.005586592178773,74.86616407034789,74.49473984946334,75.21323024746752,ET_CO2,rSO2_Ch3,1,All,10000,slice_median,0,SftO2
26.16201117318436,74.9106509340429,74.54165289819508,75.25761907093771,ET_CO2,rSO2_Ch3,1,All,10000,slice_median,0,SftO2
26.318435754189945,74.95503137896239,74.58840366170043,75.30129391456758,ET_CO2,rSO2_Ch3,1,All,10000,slice_median,0,SftO2
26.47486033519553,74.99930092011887,74.63498608383361,75.34292964206601,ET_CO2,rSO2_Ch3,1,All,10000,slice_median,0,SftO2
26.63128491620112,75.04345507252435,74.68169617743577,75.38435743793552,ET_CO2,rSO2_Ch3,1,All,10000,slice_median,0,SftO2
26.787709497206706,75.08748935119128,74.72762167940033,75.42557259661926,ET_CO2,rSO2_Ch3,1,All,10000,slice_median,0,SftO2
26.94413407821229,75.13139927113167,74.77366274054233,75.4700282019993,ET_CO2,rSO2_Ch3,1,All,10000,slice_median,0,SftO2
27.10055865921788,75.17518034735795,74.81951123572907,75.51620807437155,ET_CO2,rSO2_Ch3,1,All,10000,slice_median,0,SftO2
27.256983240223462,75.2188280948823,74.8651611088147,75.56217785429243,ET_CO2,rSO2_Ch3,1,All,10000,slice_median,0,SftO2
27.41340782122905,75.26233802871684,74.91060630365351,75.60304464603534,ET_CO2,rSO2_Ch3,1,All,10000,slice_median,0,SftO2
27.56983240223464,75.30570566387405,74.95584076409969,75.64365744950746,ET_CO2,rSO2_Ch3,1,All,10000,slice_median,0,SftO2
27.726256983240223,75.34892651536603,75.00486136653153,75.68422963330624,ET_CO2,rSO2_Ch3,1,All,10000,slice_median,0,SftO2
27.88268156424581,75.39199609820507,75.05026775519707,75.72475662779351,ET_CO2,rSO2_Ch3,1,All,10000,slice_median,0,SftO2
28.039106145251395,75.4349099274034,75.09295797844923,75.76523386333099,ET_CO2,rSO2_Ch3,1,All,10000,slice_median,0,SftO2
28.195530726256983,75.47766351797324,75.13824386197673,75.80565677028046,ET_CO2,rSO2_Ch3,1,All,10000,slice_median,0,SftO2
28.35195530726257,75.5202523849269,75.18321793830751,75.84602077900371,ET_CO2,rSO2_Ch3,1,All,10000,slice_median,0,SftO2
28.50837988826816,75.56267204327654,75.22787501460135,75.88632131986247,ET_CO2,rSO2_Ch3,1,All,10000,slice_median,0,SftO2
28.664804469273744,75.60491800803447,75.27220989801803,75.9225122108074,ET_CO2,rSO2_Ch3,1,All,10000,slice_median,0,SftO2
28.821229050279328,75.64698579421285,75.31621739571735,75.95845663060574,ET_CO2,rSO2_Ch3,1,All,10000,slice_median,0,SftO2
28.97765363128492,75.68887091682402,75.35989231485905,75.9943790599593,ET_CO2,rSO2_Ch3,1,All,10000,slice_median,0,SftO2
29.134078212290504,75.73056889088022,75.40322946260294,76.03027714650199,ET_CO2,rSO2_Ch3,1,All,10000,slice_median,0,SftO2
29.29050279329609,75.77207523139366,75.4462236461088,76.06614853786768,ET_CO2,rSO2_Ch3,1,All,10000,slice_median,0,SftO2
29.44692737430168,75.8133854533765,75.48886967253641,76.10199088169026,ET_CO2,rSO2_Ch3,1,All,10000,slice_median,0,SftO2
29.60335195530726,75.85449507184113,75.5310713191009,76.14268338724955,ET_CO2,rSO2_Ch3,1,All,10000,slice_median,0,SftO2
29.75977653631285,75.89539960179971,75.57309648279598,76.18490359231123,ET_CO2,rSO2_Ch3,1,All,10000,slice_median,0,SftO2
29.91620111731844,75.9360945582645,75.61466688094751,76.22693421196422,ET_CO2,rSO2_Ch3,1,All,10000,slice_median,0,SftO2
30.072625698324025,75.97657545624779,75.6558683506599,76.26877071491276,ET_CO2,rSO2_Ch3,1,All,10000,slice_median,0,SftO2
30.22905027932961,76.01683781076177,75.69669569909294,76.3104085698611,ET_CO2,rSO2_Ch3,1,All,10000,slice_median,0,SftO2
30.385474860335197,76.05687715957121,75.73714378361562,76.35184326053763,ET_CO2,rSO2_Ch3,1,All,10000,slice_median,0,SftO2
30.54189944134078,76.09669040559287,75.77721047414936,76.3930711721214,ET_CO2,rSO2_Ch3,1,All,10000,slice_median,0,SftO2
30.69832402234637,76.13627656772853,75.8168983100718,76.43409008703992,ET_CO2,rSO2_Ch3,1,All,10000,slice_median,0,SftO2
30.85474860335196,76.1756348469006,75.85621023243431,76.47489790791413,ET_CO2,rSO2_Ch3,1,All,10000,slice_median,0,SftO2
31.011173184357546,76.21476444403132,75.89570447638286,76.51549253736495,ET_CO2,rSO2_Ch3,1,All,10000,slice_median,0,SftO2
31.167597765363126,76.25366456004286,75.93621077294117,76.55587187801332,ET_CO2,rSO2_Ch3,1,All,10000,slice_median,0,SftO2
31.324022346368714,76.29233439585758,75.97668416407228,76.59578891652325,ET_CO2,rSO2_Ch3,1,All,10000,slice_median,0,SftO2
31.480446927374302,76.3307731523977,76.0165724659157,76.63214658003531,ET_CO2,rSO2_Ch3,1,All,10000,slice_median,0,SftO2
31.63687150837989,76.3689800305854,76.05217137812542,76.67199142320682,ET_CO2,rSO2_Ch3,1,All,10000,slice_median,0,SftO2
31.793296089385475,76.40695423134316,76.0877395737756,76.71026363955787,ET_CO2,rSO2_Ch3,1,All,10000,slice_median,0,SftO2
31.94972067039106,76.44469495559296,76.12942506713276,76.74814920413041,ET_CO2,rSO2_Ch3,1,All,10000,slice_median,0,SftO2
32.10614525139665,76.48220140425724,76.17262519272958,76.78589554812369,ET_CO2,rSO2_Ch3,1,All,10000,slice_median,0,SftO2
32.262569832402235,76.51947277825813,76.21581072560315,76.82350094212185,ET_CO2,rSO2_Ch3,1,All,10000,slice_median,0,SftO2
32.41899441340782,76.55650827851802,76.25830232497279,76.86096365670906,ET_CO2,rSO2_Ch3,1,All,10000,slice_median,0,SftO2
32.57541899441341,76.59330710595904,76.29236919056271,76.8992207056914,ET_CO2,rSO2_Ch3,1,All,10000,slice_median,0,SftO2
32.73184357541899,76.6298684615035,76.3260622664219,76.93545412998711,ET_CO2,rSO2_Ch3,1,All,10000,slice_median,0,SftO2
32.88826815642458,76.66619154607375,76.35942470051705,76.97247842984626,ET_CO2,rSO2_Ch3,1,All,10000,slice_median,0,SftO2
33.04469273743017,76.70227556059186,76.3924571003394,77.00935313263102,ET_CO2,rSO2_Ch3,1,All,10000,slice_median,0,SftO2
33.20111731843576,76.73811970598017,76.42516007338016,77.04607650892552,ET_CO2,rSO2_Ch3,1,All,10000,slice_median,0,SftO2
33.357541899441344,76.77372318316105,76.45753422713054,77.08264682931394,ET_CO2,rSO2_Ch3,1,All,10000,slice_median,0,SftO2
33.513966480446925,76.80908519305646,76.48958016908179,77.11906236438038,ET_CO2,rSO2_Ch3,1,All,10000,slice_median,0,SftO2
33.67039106145251,76.844204936589,76.52129850672515,77.15532138470903,ET_CO2,rSO2_Ch3,1,All,10000,slice_median,0,SftO2
33.8268156424581,76.87908161468069,76.55268984755178,77.19142216088399,ET_CO2,rSO2_Ch3,1,All,10000,slice_median,0,SftO2
33.98324022346369,76.91371442825388,76.58375479905295,77.22818711564645,ET_CO2,rSO2_Ch3,1,All,10000,slice_median,0,SftO2
34.13966480446928,76.94810257823083,76.61702739111513,77.26568250214592,ET_CO2,rSO2_Ch3,1,All,10000,slice_median,0,SftO2
34.29608938547486,76.98224526553378,76.65199429575912,77.30296393178395,ET_CO2,rSO2_Ch3,1,All,10000,slice_median,0,SftO2
34.452513966480446,77.01614169108494,76.68691675558689,77.34003534382582,ET_CO2,rSO2_Ch3,1,All,10000,slice_median,0,SftO2
34.608938547486034,77.04979105580665,76.72179396305393,77.37690067753687,ET_CO2,rSO2_Ch3,1,All,10000,slice_median,0,SftO2
34.76536312849162,77.08319256062107,76.75662511061573,77.41356387218237,ET_CO2,rSO2_Ch3,1,All,10000,slice_median,0,SftO2
34.92178770949721,77.11634540645049,76.79140939072778,77.45002886702763,ET_CO2,rSO2_Ch3,1,All,10000,slice_median,0,SftO2
35.07821229050279,77.14924879421724,76.82346277579234,77.48629960133796,ET_CO2,rSO2_Ch3,1,All,10000,slice_median,0,SftO2
35.23463687150838,77.18190192484352,76.85420974476405,77.52238001437865,ET_CO2,rSO2_Ch3,1,All,10000,slice_median,0,SftO2
35.391061452513966,77.21430399925161,76.88470801283981,77.55707108508334,ET_CO2,rSO2_Ch3,1,All,10000,slice_median,0,SftO2
35.547486033519554,77.24645421836367,76.91495391994728,77.59057080336198,ET_CO2,rSO2_Ch3,1,All,10000,slice_median,0,SftO2
35.70391061452514,77.27835178310202,76.94182643937228,77.62675352312502,ET_CO2,rSO2_Ch3,1,All,10000,slice_median,0,SftO2
35.86033519553072,77.30999589438899,76.96787366147322,77.66433181092214,ET_CO2,rSO2_Ch3,1,All,10000,slice_median,0,SftO2
36.01675977653631,77.34138575314671,76.99363933427307,77.70006513482329,ET_CO2,rSO2_Ch3,1,All,10000,slice_median,0,SftO2
36.1731843575419,77.37252056029745,77.02488523794594,77.73508634481756,ET_CO2,rSO2_Ch3,1,All,10000,slice_median,0,SftO2
36.32960893854749,77.40339951676359,77.05761142624874,77.76994480839933,ET_CO2,rSO2_Ch3,1,All,10000,slice_median,0,SftO2
36.48603351955308,77.43402182346729,77.07951066109037,77.80464446483387,ET_CO2,rSO2_Ch3,1,All,10000,slice_median,0,SftO2
36.642458100558656,77.46438668133075,77.10150928369433,77.8391892533865,ET_CO2,rSO2_Ch3,1,All,10000,slice_median,0,SftO2
36.79888268156424,77.49449329127633,77.13044326923341,77.87358311332252,ET_CO2,rSO2_Ch3,1,All,10000,slice_median,0,SftO2
36.95530726256983,77.52434085422625,77.15914286382218,77.90782998390723,ET_CO2,rSO2_Ch3,1,All,10000,slice_median,0,SftO2
37.11173184357542,77.55392857110274,77.18761023015821,77.94193380440595,ET_CO2,rSO2_Ch3,1,All,10000,slice_median,0,SftO2
37.26815642458101,77.5832556428281,77.21584753093896,77.97589851408397,ET_CO2,rSO2_Ch3,1,All,10000,slice_median,0,SftO2
37.42458100558659,77.61232127032461,77.24385692886196,78.01140616952596,ET_CO2,rSO2_Ch3,1,All,10000,slice_median,0,SftO2
37.58100558659218,77.64112465451444,77.27164058662467,78.04782041670076,ET_CO2,rSO2_Ch3,1,All,10000,slice_median,0,SftO2
37.737430167597765,77.66966499631987,77.29920066692466,78.08414179779069,ET_CO2,rSO2_Ch3,1,All,10000,slice_median,0,SftO2
37.89385474860335,77.69794149666319,77.32653933245939,78.12037028766323,ET_CO2,rSO2_Ch3,1,All,10000,slice_median,0,SftO2
38.05027932960894,77.72595335646665,77.3536587459264,78.15650586118586,ET_CO2,rSO2_Ch3,1,All,10000,slice_median,0,SftO2
38.20670391061452,77.7536997766524,77.37072025383478,78.19254849322606,ET_CO2,rSO2_Ch3,1,All,10000,slice_median,0,SftO2
38.36312849162012,77.7811799581429,77.3870197219319,78.2284981586513,ET_CO2,rSO2_Ch3,1,All,10000,slice_median,0,SftO2
38.5195530726257,77.80839310186022,77.40288149186796,78.25994303483125,ET_CO2,rSO2_Ch3,1,All,10000,slice_median,0,SftO2
38.675977653631286,77.83533840872676,77.41830466173667,78.28538577158393,ET_CO2,rSO2_Ch3,1,All,10000,slice_median,0,SftO2
38.83240223463688,77.86201507966462,77.43794629929242,78.32002061095633,ET_CO2,rSO2_Ch3,1,All,10000,slice_median,0,SftO2
38.98882681564245,77.88842231559619,77.466480653577,78.35462450502334,ET_CO2,rSO2_Ch3,1,All,10000,slice_median,0,SftO2
39.14525139664805,77.91455931744366,77.49053101808008,78.38915859260109,ET_CO2,rSO2_Ch3,1,All,10000,slice_median,0,SftO2
39.30167597765363,77.9404252861293,77.50735541108534,78.42362633350358,ET_CO2,rSO2_Ch3,1,All,10000,slice_median,0,SftO2
39.45810055865922,77.96601942257536,77.52551424192067,78.45803118754478,ET_CO2,rSO2_Ch3,1,All,10000,slice_median,0,SftO2
39.614525139664806,77.9913409277041,77.54846892284625,78.4923766145387,ET_CO2,rSO2_Ch3,1,All,10000,slice_median,0,SftO2
39.77094972067039,78.01638924431509,77.57121530953268,78.52358101601835,ET_CO2,rSO2_Ch3,1,All,10000,slice_median,0,SftO2
39.92737430167598,78.0411666270316,77.59375608289399,78.54986242391995,ET_CO2,rSO2_Ch3,1,All,10000,slice_median,0,SftO2
40.08379888268156,78.06567714455673,77.61609376930723,78.58033532073622,ET_CO2,rSO2_Ch3,1,All,10000,slice_median,0,SftO2
40.24022346368715,78.08992489582826,77.63823089257384,78.61478251332775,ET_CO2,rSO2_Ch3,1,All,10000,slice_median,0,SftO2
40.39664804469274,78.11391397978386,77.65789091849686,78.64895788268213,ET_CO2,rSO2_Ch3,1,All,10000,slice_median,0,SftO2
40.55307262569832,78.13764849536149,77.66791987554711,78.68286573087212,ET_CO2,rSO2_Ch3,1,All,10000,slice_median,0,SftO2
40.70949720670392,78.16113254149862,77.67737468312669,78.71651035997051,ET_CO2,rSO2_Ch3,1,All,10000,slice_median,0,SftO2
40.865921787709496,78.18437021713326,77.68626482503012,78.74804964132696,ET_CO2,rSO2_Ch3,1,All,10000,slice_median,0,SftO2
41.02234636871509,78.20736562120304,77.69459978505199,78.77754846645124,ET_CO2,rSO2_Ch3,1,All,10000,slice_median,0,SftO2
41.17877094972067,78.23012285264576,77.7023890469869,78.8067890107472,ET_CO2,rSO2_Ch3,1,All,10000,slice_median,0,SftO2
41.33519553072625,78.2526460103992,77.70964209462937,78.83577550715252,ET_CO2,rSO2_Ch3,1,All,10000,slice_median,0,SftO2
41.49162011173185,78.27493919340107,77.7235516636107,78.86451218860492,ET_CO2,rSO2_Ch3,1,All,10000,slice_median,0,SftO2
41.64804469273743,78.29700650058913,77.7398252373923,78.89300328804208,ET_CO2,rSO2_Ch3,1,All,10000,slice_median,0,SftO2
41.80446927374302,78.31885203090117,77.75588184344004,78.92125303840169,ET_CO2,rSO2_Ch3,1,All,10000,slice_median,0,SftO2
41.960893854748605,78.34047988327497,77.77172544350636,78.95054859533647,ET_CO2,rSO2_Ch3,1,All,10000,slice_median,0,SftO2
42.117318435754186,78.36189415664826,77.78735999934366,78.9859097487768,ET_CO2,rSO2_Ch3,1,All,10000,slice_median,0,SftO2
42.27374301675978,78.3830989499588,77.80278947270436,79.02122430138002,ET_CO2,rSO2_Ch3,1,All,10000,slice_median,0,SftO2
42.43016759776536,78.4040983621444,77.81801782534086,79.05649314417852,ET_CO2,rSO2_Ch3,1,All,10000,slice_median,0,SftO2
42.58659217877095,78.42489649214258,77.83304901900559,79.09171716820475,ET_CO2,rSO2_Ch3,1,All,10000,slice_median,0,SftO2
42.74301675977654,78.4454974388915,77.84788701545094,79.12689726449113,ET_CO2,rSO2_Ch3,1,All,10000,slice_median,0,SftO2
42.89944134078212,78.46590530132858,77.86253577642933,79.16203432407005,ET_CO2,rSO2_Ch3,1,All,10000,slice_median,0,SftO2
43.05586592178771,78.48612417839172,77.87699926369318,79.19251891493697,ET_CO2,rSO2_Ch3,1,All,10000,slice_median,0,SftO2
43.212290502793294,78.50615816901873,77.8912814389949,79.22253712046634,ET_CO2,rSO2_Ch3,1,All,10000,slice_median,0,SftO2
43.36871508379888,78.52601137214722,77.90538626408689,79.2523652421412,ET_CO2,rSO2_Ch3,1,All,10000,slice_median,0,SftO2
43.52513966480447,78.54568788671504,77.91931770072156,79.2820075820343,ET_CO2,rSO2_Ch3,1,All,10000,slice_median,0,SftO2
43.68156424581005,78.56519181166,77.93307971065134,79.31146844221843,ET_CO2,rSO2_Ch3,1,All,10000,slice_median,0,SftO2
43.837988826815646,78.58452724591976,77.94667625562863,79.34075212476634,ET_CO2,rSO2_Ch3,1,All,10000,slice_median,0,SftO2
43.99441340782123,78.60369828843216,77.96011129740585,79.36986293175082,ET_CO2,rSO2_Ch3,1,All,10000,slice_median,0,SftO2
44.150837988826815,78.62270903813483,77.9733887977354,79.39880516524462,ET_CO2,rSO2_Ch3,1,All,10000,slice_median,0,SftO2
44.3072625698324,78.64156359396577,77.9865127183697,79.42758312732053,ET_CO2,rSO2_Ch3,1,All,10000,slice_median,0,SftO2
44.463687150837984,78.6602660548625,77.99948702106116,79.45620112005132,ET_CO2,rSO2_Ch3,1,All,10000,slice_median,0,SftO2
44.62011173184358,78.67882051976282,78.01231566756219,79.48466344550974,ET_CO2,rSO2_Ch3,1,All,10000,slice_median,0,SftO2
44.77653631284916,78.6972310876046,78.0250026196252,79.51297440576856,ET_CO2,rSO2_Ch3,1,All,10000,slice_median,0,SftO2
44.93296089385475,78.71550185732556,78.03755183900262,79.54113830290056,ET_CO2,rSO2_Ch3,1,All,10000,slice_median,0,SftO2
45.089385474860336,78.73363692786339,78.04996728744683,79.56915943897853,ET_CO2,rSO2_Ch3,1,All,10000,slice_median,0,SftO2
45.24581005586592,78.75164039815597,78.05941131261628,79.60494394557445,ET_CO2,rSO2_Ch3,1,All,10000,slice_median,0,SftO2
45.40223463687151,78.76951636714092,78.06352596402358,79.63209480811543,ET_CO2,rSO2_Ch3,1,All,10000,slice_median,0,SftO2
45.55865921787709,78.78726893375601,78.06744258324771,79.65916882249539,ET_CO2,rSO2_Ch3,1,All,10000,slice_median,0,SftO2
45.71508379888268,78.80490219693908,78.0711675665338,79.68659746834436,ET_CO2,rSO2_Ch3,1,All,10000,slice_median,0,SftO2
45.87150837988827,78.82242025562788,78.08032335077417,79.71690671636006,ET_CO2,rSO2_Ch3,1,All,10000,slice_median,0,SftO2
46.02793296089386,78.8398272087602,78.0915264440412,79.74719036352563,ET_CO2,rSO2_Ch3,1,All,10000,slice_median,0,SftO2
46.184357541899445,78.85712715527372,78.10262423541337,79.77744964938658,ET_CO2,rSO2_Ch3,1,All,10000,slice_median,0,SftO2
46.34078212290503,78.87432419410622,78.11362160376999,79.80768581348836,ET_CO2,rSO2_Ch3,1,All,10000,slice_median,0,SftO2
46.49720670391061,78.89142242419545,78.12452342799034,79.83790009537647,ET_CO2,rSO2_Ch3,1,All,10000,slice_median,0,SftO2
46.6536312849162,78.90842594447925,78.13533458695375,79.86809373459639,ET_CO2,rSO2_Ch3,1,All,10000,slice_median,0,SftO2
46.81005586592179,78.92533885389525,78.14451497382765,79.89826797069355,ET_CO2,rSO2_Ch3,1,All,10000,slice_median,0,SftO2
46.96648044692738,78.94216525138131,78.14960551212882,79.9284240432135,ET_CO2,rSO2_Ch3,1,All,10000,slice_median,0,SftO2
47.12290502793296,78.95890923587513,78.15338571190252,79.95856319170166,ET_CO2,rSO2_Ch3,1,All,10000,slice_median,0,SftO2
47.27932960893855,78.97557490631453,78.15066523067765,79.98868665570355,ET_CO2,rSO2_Ch3,1,All,10000,slice_median,0,SftO2
47.43575418994413,78.9921663616372,78.14779399298382,80.01879567476462,ET_CO2,rSO2_Ch3,1,All,10000,slice_median,0,SftO2
47.59217877094972,79.008687700781,78.1447806412761,80.04889148843036,ET_CO2,rSO2_Ch3,1,All,10000,slice_median,0,SftO2
47.74860335195531,79.02514302268351,78.14163381800957,80.07897533624624,ET_CO2,rSO2_Ch3,1,All,10000,slice_median,0,SftO2
47.90502793296089,79.04153642628268,78.13836216563928,80.10904845775775,ET_CO2,rSO2_Ch3,1,All,10000,slice_median,0,SftO2
48.06145251396648,79.05787201051619,78.13497432662034,80.13911209251037,ET_CO2,rSO2_Ch3,1,All,10000,slice_median,0,SftO2
48.21787709497207,79.07415387432184,78.1314789434078,80.16916748004958,ET_CO2,rSO2_Ch3,1,All,10000,slice_median,0,SftO2
48.374301675977655,79.09038611663725,78.12788465845672,80.19921585992084,ET_CO2,rSO2_Ch3,1,All,10000,slice_median,0,SftO2
48.53072625698324,79.10657283640037,78.12420011422219,80.22925847166964,ET_CO2,rSO2_Ch3,1,All,10000,slice_median,0,SftO2
48.68715083798882,79.12271813254885,78.12043395315929,80.25929655484147,ET_CO2,rSO2_Ch3,1,All,10000,slice_median,0,SftO2
48.84357541899441,79.13882610402041,78.11659481772307,80.28933134898179,ET_CO2,rSO2_Ch3,1,All,10000,slice_median,0,SftO2
49.0,79.1549008497529,78.11269135036862,80.31936409363608,ET_CO2,rSO2_Ch3,1,All,10000,slice_median,0,SftO2
