run_id,ycol,xvar,bin_idx,bin_label,x0,x1,x_mid,slope_per_unit,clinical_step_effect
n10000_overall_mapci_te_boot200,rSO2_Ch1,ET_CO2,0,S01,24.0,24.65,24.325,0.40579237409061325,2.0289618704530663
n10000_overall_mapci_te_boot200,rSO2_Ch1,ET_CO2,1,S02,24.65,25.3,24.975,0.41086650390044277,2.0543325195022137
n10000_overall_mapci_te_boot200,rSO2_Ch1,ET_CO2,2,S03,25.3,25.95,25.625,0.4144285675212272,2.072142837606136
n10000_overall_mapci_te_boot200,rSO2_Ch1,ET_CO2,3,S04,25.95,26.6,26.275,0.4198004930726216,2.099002465363108
n10000_overall_mapci_te_boot200,rSO2_Ch1,ET_CO2,4,S05,26.6,27.25,26.925,0.4271761363859775,2.1358806819298874
n10000_overall_mapci_te_boot200,rSO2_Ch1,ET_CO2,5,S06,27.25,27.9,27.575,0.4366283797701106,2.183141898850553
n10000_overall_mapci_te_boot200,rSO2_Ch1,ET_CO2,6,S07,27.9,28.55,28.225,0.448070690092334,2.24035345046167
n10000_overall_mapci_te_boot200,rSO2_Ch1,ET_CO2,7,S08,28.55,29.2,28.875,0.46148362137660653,2.307418106883033
n10000_overall_mapci_te_boot200,rSO2_Ch1,ET_CO2,8,S09,29.2,29.85,29.525,0.4766507703322752,2.383253851661376
n10000_overall_mapci_te_boot200,rSO2_Ch1,ET_CO2,9,S10,29.85,30.5,30.175,0.4932204249040578,2.466102124520289
n10000_overall_mapci_te_boot200,rSO2_Ch1,ET_CO2,10,S11,30.5,31.15,30.825,0.5111583285288548,2.555791642644274
n10000_overall_mapci_te_boot200,rSO2_Ch1,ET_CO2,11,S12,31.15,31.8,31.475,0.5305158643986356,2.652579321993178
n10000_overall_mapci_te_boot200,rSO2_Ch1,ET_CO2,12,S13,31.8,32.45,32.125,0.5513403284989329,2.756701642494664
n10000_overall_mapci_te_boot200,rSO2_Ch1,ET_CO2,13,S14,32.45,33.1,32.775000000000006,0.5733850797463022,2.8669253987315106
n10000_overall_mapci_te_boot200,rSO2_Ch1,ET_CO2,14,S15,33.1,33.75,33.425,0.5947389350511741,2.973694675255871
n10000_overall_mapci_te_boot200,rSO2_Ch1,ET_CO2,15,S16,33.75,34.4,34.075,0.6105002789994707,3.0525013949973534
n10000_overall_mapci_te_boot200,rSO2_Ch1,ET_CO2,16,S17,34.4,35.05,34.724999999999994,0.6198614784037874,3.099307392018937
n10000_overall_mapci_te_boot200,rSO2_Ch1,ET_CO2,17,S18,35.05,35.7,35.375,0.6228225332638988,3.1141126663194942
n10000_overall_mapci_te_boot200,rSO2_Ch1,ET_CO2,18,S19,35.7,36.35,36.025000000000006,0.6193100498424337,3.0965502492121684
n10000_overall_mapci_te_boot200,rSO2_Ch1,ET_CO2,19,S20,36.35,37.0,36.675,0.6093551832815421,3.046775916407711
n10000_overall_mapci_te_boot200,rSO2_Ch1,FiO2_new,0,S01,46.0,48.45,47.225,-0.04701173605489387,-0.23505868027446936
n10000_overall_mapci_te_boot200,rSO2_Ch1,FiO2_new,1,S02,48.45,50.9,49.675,-0.023028911253205445,-0.11514455626602722
n10000_overall_mapci_te_boot200,rSO2_Ch1,FiO2_new,2,S03,50.9,53.35,52.125,0.008575812921912278,0.04287906460956139
n10000_overall_mapci_te_boot200,rSO2_Ch1,FiO2_new,3,S04,53.35,55.8,54.575,0.035354152181172174,0.17677076090586086
n10000_overall_mapci_te_boot200,rSO2_Ch1,FiO2_new,4,S05,55.8,58.25,57.025,0.056169474651426236,0.28084737325713116
n10000_overall_mapci_te_boot200,rSO2_Ch1,FiO2_new,5,S06,58.25,60.7,59.475,0.07072583211688807,0.3536291605844404
n10000_overall_mapci_te_boot200,rSO2_Ch1,FiO2_new,6,S07,60.7,63.150000000000006,61.925000000000004,0.07558404502761418,0.3779202251380709
n10000_overall_mapci_te_boot200,rSO2_Ch1,FiO2_new,7,S08,63.150000000000006,65.6,64.375,0.06418375131540807,0.3209187565770404
n10000_overall_mapci_te_boot200,rSO2_Ch1,FiO2_new,8,S09,65.6,68.05,66.82499999999999,0.03547341017451795,0.17736705087258975
n10000_overall_mapci_te_boot200,rSO2_Ch1,FiO2_new,9,S10,68.05,70.5,69.275,-0.010100014695651947,-0.05050007347825973
n10000_overall_mapci_te_boot200,rSO2_Ch1,FiO2_new,10,S11,70.5,72.95,71.725,-0.056263956957382365,-0.28131978478691183
n10000_overall_mapci_te_boot200,rSO2_Ch1,FiO2_new,11,S12,72.95,75.4,74.17500000000001,-0.06531479847536978,-0.3265739923768489
n10000_overall_mapci_te_boot200,rSO2_Ch1,FiO2_new,12,S13,75.4,77.85,76.625,-0.031113338884186645,-0.15556669442093324
n10000_overall_mapci_te_boot200,rSO2_Ch1,FiO2_new,13,S14,77.85,80.30000000000001,79.075,0.04587744821453484,0.22938724107267422
n10000_overall_mapci_te_boot200,rSO2_Ch1,FiO2_new,14,S15,80.30000000000001,82.75,81.525,0.14309144734985926,0.7154572367492963
n10000_overall_mapci_te_boot200,rSO2_Ch1,FiO2_new,15,S16,82.75,85.2,83.975,0.19613001037860553,0.9806500518930277
n10000_overall_mapci_te_boot200,rSO2_Ch1,FiO2_new,16,S17,85.2,87.65,86.42500000000001,0.1922205589135485,0.9611027945677425
n10000_overall_mapci_te_boot200,rSO2_Ch1,FiO2_new,17,S18,87.65,90.1,88.875,0.13180069842783493,0.6590034921391746
n10000_overall_mapci_te_boot200,rSO2_Ch1,FiO2_new,18,S19,90.1,92.55000000000001,91.325,0.035339495270557325,0.17669747635278663
n10000_overall_mapci_te_boot200,rSO2_Ch1,FiO2_new,19,S20,92.55000000000001,95.0,93.775,-0.024805676157432326,-0.12402838078716164
n10000_overall_mapci_te_boot200,rSO2_Ch1,TEMP,0,S01,34.38,34.487,34.4335,0.8192142096352921,0.40960710481764606
n10000_overall_mapci_te_boot200,rSO2_Ch1,TEMP,1,S02,34.487,34.594,34.5405,0.8119490396409611,0.40597451982048055
n10000_overall_mapci_te_boot200,rSO2_Ch1,TEMP,2,S03,34.594,34.701,34.6475,0.7941201982014229,0.39706009910071144
n10000_overall_mapci_te_boot200,rSO2_Ch1,TEMP,3,S04,34.701,34.808,34.7545,0.7486074348117695,0.37430371740588475
n10000_overall_mapci_te_boot200,rSO2_Ch1,TEMP,4,S05,34.808,34.915000000000006,34.86150000000001,0.6765839070058571,0.33829195350292857
n10000_overall_mapci_te_boot200,rSO2_Ch1,TEMP,5,S06,34.915000000000006,35.022000000000006,34.968500000000006,0.5764737036012862,0.2882368518006431
n10000_overall_mapci_te_boot200,rSO2_Ch1,TEMP,6,S07,35.022000000000006,35.129000000000005,35.075500000000005,0.4578501527728602,0.2289250763864301
n10000_overall_mapci_te_boot200,rSO2_Ch1,TEMP,7,S08,35.129000000000005,35.236000000000004,35.182500000000005,0.33064223822547717,0.16532111911273858
n10000_overall_mapci_te_boot200,rSO2_Ch1,TEMP,8,S09,35.236000000000004,35.343,35.289500000000004,0.19898013118631666,0.09949006559315833
n10000_overall_mapci_te_boot200,rSO2_Ch1,TEMP,9,S10,35.343,35.45,35.3965,0.06034709052883253,0.030173545264416266
n10000_overall_mapci_te_boot200,rSO2_Ch1,TEMP,10,S11,35.45,35.557,35.5035,-0.07815189287338614,-0.03907594643669307
n10000_overall_mapci_te_boot200,rSO2_Ch1,TEMP,11,S12,35.557,35.664,35.6105,-0.1671810238117933,-0.08359051190589666
n10000_overall_mapci_te_boot200,rSO2_Ch1,TEMP,12,S13,35.664,35.771,35.7175,-0.1665280486990424,-0.0832640243495212
n10000_overall_mapci_te_boot200,rSO2_Ch1,TEMP,13,S14,35.771,35.878,35.8245,-0.07484453560579454,-0.03742226780289727
n10000_overall_mapci_te_boot200,rSO2_Ch1,TEMP,14,S15,35.878,35.985,35.9315,0.1059494676982098,0.0529747338491049
n10000_overall_mapci_te_boot200,rSO2_Ch1,TEMP,15,S16,35.985,36.092000000000006,36.0385,0.3343973874465452,0.1671986937232726
n10000_overall_mapci_te_boot200,rSO2_Ch1,TEMP,16,S17,36.092000000000006,36.199000000000005,36.145500000000006,0.4455860765144455,0.22279303825722274
n10000_overall_mapci_te_boot200,rSO2_Ch1,TEMP,17,S18,36.199000000000005,36.306000000000004,36.252500000000005,0.3866838439121242,0.1933419219560621
n10000_overall_mapci_te_boot200,rSO2_Ch1,TEMP,18,S19,36.306000000000004,36.413000000000004,36.359500000000004,0.15785851828772873,0.07892925914386437
n10000_overall_mapci_te_boot200,rSO2_Ch1,TEMP,19,S20,36.413000000000004,36.52,36.4665,-0.2331373873182756,-0.1165686936591378
n10000_overall_mapci_te_boot200,rSO2_Ch2,ET_CO2,0,S01,24.0,24.65,24.325,0.2773741348776715,1.3868706743883574
n10000_overall_mapci_te_boot200,rSO2_Ch2,ET_CO2,1,S02,24.65,25.3,24.975,0.3205178384172522,1.602589192086261
n10000_overall_mapci_te_boot200,rSO2_Ch2,ET_CO2,2,S03,25.3,25.95,25.625,0.3549565605219684,1.774782802609842
n10000_overall_mapci_te_boot200,rSO2_Ch2,ET_CO2,3,S04,25.95,26.6,26.275,0.38066921826535444,1.9033460913267721
n10000_overall_mapci_te_boot200,rSO2_Ch2,ET_CO2,4,S05,26.6,27.25,26.925,0.39765711580261043,1.988285579013052
n10000_overall_mapci_te_boot200,rSO2_Ch2,ET_CO2,5,S06,27.25,27.9,27.575,0.40802979774014236,2.040148988700712
n10000_overall_mapci_te_boot200,rSO2_Ch2,ET_CO2,6,S07,27.9,28.55,28.225,0.41887307979670424,2.094365398983521
n10000_overall_mapci_te_boot200,rSO2_Ch2,ET_CO2,7,S08,28.55,29.2,28.875,0.43180176499202727,2.1590088249601362
n10000_overall_mapci_te_boot200,rSO2_Ch2,ET_CO2,8,S09,29.2,29.85,29.525,0.4468389412260005,2.2341947061300025
n10000_overall_mapci_te_boot200,rSO2_Ch2,ET_CO2,9,S10,29.85,30.5,30.175,0.4639800375847788,2.319900187923894
n10000_overall_mapci_te_boot200,rSO2_Ch2,ET_CO2,10,S11,30.5,31.15,30.825,0.4827419942144993,2.4137099710724965
n10000_overall_mapci_te_boot200,rSO2_Ch2,ET_CO2,11,S12,31.15,31.8,31.475,0.5022436621717475,2.511218310858738
n10000_overall_mapci_te_boot200,rSO2_Ch2,ET_CO2,12,S13,31.8,32.45,32.125,0.5224072130621932,2.6120360653109658
n10000_overall_mapci_te_boot200,rSO2_Ch2,ET_CO2,13,S14,32.45,33.1,32.775000000000006,0.5430182499273659,2.7150912496368296
n10000_overall_mapci_te_boot200,rSO2_Ch2,ET_CO2,14,S15,33.1,33.75,33.425,0.5640933005462385,2.8204665027311924
n10000_overall_mapci_te_boot200,rSO2_Ch2,ET_CO2,15,S16,33.75,34.4,34.075,0.5834743455506655,2.917371727753327
n10000_overall_mapci_te_boot200,rSO2_Ch2,ET_CO2,16,S17,34.4,35.05,34.724999999999994,0.5988692229257284,2.994346114628642
n10000_overall_mapci_te_boot200,rSO2_Ch2,ET_CO2,17,S18,35.05,35.7,35.375,0.6101468456108214,3.0507342280541074
n10000_overall_mapci_te_boot200,rSO2_Ch2,ET_CO2,18,S19,35.7,36.35,36.025000000000006,0.617329717629766,3.08664858814883
n10000_overall_mapci_te_boot200,rSO2_Ch2,ET_CO2,19,S20,36.35,37.0,36.675,0.620064524310549,3.100322621552745
n10000_overall_mapci_te_boot200,rSO2_Ch2,FiO2_new,0,S01,46.0,48.45,47.225,0.0018946897688871473,0.009473448844435736
n10000_overall_mapci_te_boot200,rSO2_Ch2,FiO2_new,1,S02,48.45,50.9,49.675,-0.050374505138103105,-0.25187252569051555
n10000_overall_mapci_te_boot200,rSO2_Ch2,FiO2_new,2,S03,50.9,53.35,52.125,-0.04390282349128692,-0.21951411745643462
n10000_overall_mapci_te_boot200,rSO2_Ch2,FiO2_new,3,S04,53.35,55.8,54.575,0.008459124129204597,0.042295620646022984
n10000_overall_mapci_te_boot200,rSO2_Ch2,FiO2_new,4,S05,55.8,58.25,57.025,0.05445581660839645,0.27227908304198223
n10000_overall_mapci_te_boot200,rSO2_Ch2,FiO2_new,5,S06,58.25,60.7,59.475,0.07828271875005566,0.3914135937502783
n10000_overall_mapci_te_boot200,rSO2_Ch2,FiO2_new,6,S07,60.7,63.150000000000006,61.925000000000004,0.08068264672113981,0.40341323360569903
n10000_overall_mapci_te_boot200,rSO2_Ch2,FiO2_new,7,S08,63.150000000000006,65.6,64.375,0.06492853866027865,0.3246426933013932
n10000_overall_mapci_te_boot200,rSO2_Ch2,FiO2_new,8,S09,65.6,68.05,66.82499999999999,0.03245101627592987,0.16225508137964934
n10000_overall_mapci_te_boot200,rSO2_Ch2,FiO2_new,9,S10,68.05,70.5,69.275,-0.013394468923767189,-0.06697234461883594
n10000_overall_mapci_te_boot200,rSO2_Ch2,FiO2_new,10,S11,70.5,72.95,71.725,-0.036943881608730904,-0.18471940804365453
n10000_overall_mapci_te_boot200,rSO2_Ch2,FiO2_new,11,S12,72.95,75.4,74.17500000000001,-0.012571291118038093,-0.06285645559019047
n10000_overall_mapci_te_boot200,rSO2_Ch2,FiO2_new,12,S13,75.4,77.85,76.625,0.05901802706738296,0.2950901353369148
n10000_overall_mapci_te_boot200,rSO2_Ch2,FiO2_new,13,S14,77.85,80.30000000000001,79.075,0.13314019929707568,0.6657009964853784
n10000_overall_mapci_te_boot200,rSO2_Ch2,FiO2_new,14,S15,80.30000000000001,82.75,81.525,0.16160835801276074,0.8080417900638037
n10000_overall_mapci_te_boot200,rSO2_Ch2,FiO2_new,15,S16,82.75,85.2,83.975,0.1416751654985823,0.7083758274929115
n10000_overall_mapci_te_boot200,rSO2_Ch2,FiO2_new,16,S17,85.2,87.65,86.42500000000001,0.08846129508363121,0.44230647541815604
n10000_overall_mapci_te_boot200,rSO2_Ch2,FiO2_new,17,S18,87.65,90.1,88.875,0.028596474684501688,0.14298237342250844
n10000_overall_mapci_te_boot200,rSO2_Ch2,FiO2_new,18,S19,90.1,92.55000000000001,91.325,-0.03527119347344086,-0.17635596736720432
n10000_overall_mapci_te_boot200,rSO2_Ch2,FiO2_new,19,S20,92.55000000000001,95.0,93.775,-0.0651869577546211,-0.32593478877310555
n10000_overall_mapci_te_boot200,rSO2_Ch2,TEMP,0,S01,34.39,34.496025,34.4430125,2.1382891214323907,1.0691445607161953
n10000_overall_mapci_te_boot200,rSO2_Ch2,TEMP,1,S02,34.496025,34.60205,34.5490375,1.8180618735159748,0.9090309367579874
n10000_overall_mapci_te_boot200,rSO2_Ch2,TEMP,2,S03,34.60205,34.708075,34.6550625,1.41941574781757,0.709707873908785
n10000_overall_mapci_te_boot200,rSO2_Ch2,TEMP,3,S04,34.708075,34.8141,34.7610875,0.9407974023262689,0.4703987011631344
n10000_overall_mapci_te_boot200,rSO2_Ch2,TEMP,4,S05,34.8141,34.920125,34.867112500000005,0.44841589196644205,0.22420794598322102
n10000_overall_mapci_te_boot200,rSO2_Ch2,TEMP,5,S06,34.920125,35.02615,34.9731375,0.008951664823127294,0.004475832411563647
n10000_overall_mapci_te_boot200,rSO2_Ch2,TEMP,6,S07,35.02615,35.132175000000004,35.0791625,-0.3652007406650844,-0.1826003703325422
n10000_overall_mapci_te_boot200,rSO2_Ch2,TEMP,7,S08,35.132175000000004,35.2382,35.1851875,-0.673131893021362,-0.336565946510681
n10000_overall_mapci_te_boot200,rSO2_Ch2,TEMP,8,S09,35.2382,35.344225,35.2912125,-0.8280304103155433,-0.4140152051577716
n10000_overall_mapci_te_boot200,rSO2_Ch2,TEMP,9,S10,35.344225,35.45025,35.3972375,-0.7840514479944453,-0.39202572399722263
n10000_overall_mapci_te_boot200,rSO2_Ch2,TEMP,10,S11,35.45025,35.556275,35.5032625,-0.5417078839707692,-0.2708539419853846
n10000_overall_mapci_te_boot200,rSO2_Ch2,TEMP,11,S12,35.556275,35.6623,35.6092875,-0.13138013397558312,-0.06569006698779156
n10000_overall_mapci_te_boot200,rSO2_Ch2,TEMP,12,S13,35.6623,35.768325,35.715312499999996,0.29880053830620806,0.14940026915310403
n10000_overall_mapci_te_boot200,rSO2_Ch2,TEMP,13,S14,35.768325,35.87435,35.8213375,0.7287145675685278,0.3643572837842639
n10000_overall_mapci_te_boot200,rSO2_Ch2,TEMP,14,S15,35.87435,35.980375,35.9273625,1.13295138531861,0.566475692659305
n10000_overall_mapci_te_boot200,rSO2_Ch2,TEMP,15,S16,35.980375,36.0864,36.0333875,1.4033035671123353,0.7016517835561676
n10000_overall_mapci_te_boot200,rSO2_Ch2,TEMP,16,S17,36.0864,36.192425,36.1394125,1.4194903700760149,0.7097451850380074
n10000_overall_mapci_te_boot200,rSO2_Ch2,TEMP,17,S18,36.192425,36.29845,36.2454375,1.177470484494778,0.588735242247389
n10000_overall_mapci_te_boot200,rSO2_Ch2,TEMP,18,S19,36.29845,36.404475,36.3514625,0.7370535364699753,0.36852676823498765
n10000_overall_mapci_te_boot200,rSO2_Ch2,TEMP,19,S20,36.404475,36.5105,36.4574875,0.33897905089060704,0.16948952544530352
n10000_overall_mapci_te_boot200,rSO2_Ch3,ET_CO2,0,S01,24.0,24.65,24.325,0.2900487584297311,1.4502437921486555
n10000_overall_mapci_te_boot200,rSO2_Ch3,ET_CO2,1,S02,24.65,25.3,24.975,0.28837433772473725,1.4418716886236862
n10000_overall_mapci_te_boot200,rSO2_Ch3,ET_CO2,2,S03,25.3,25.95,25.625,0.2862068640800655,1.4310343204003275
n10000_overall_mapci_te_boot200,rSO2_Ch3,ET_CO2,3,S04,25.95,26.6,26.275,0.2835463374956877,1.4177316874784385
n10000_overall_mapci_te_boot200,rSO2_Ch3,ET_CO2,4,S05,26.6,27.25,26.925,0.28039275797187246,1.4019637898593622
n10000_overall_mapci_te_boot200,rSO2_Ch3,ET_CO2,5,S06,27.25,27.9,27.575,0.2767195960416308,1.3835979802081542
n10000_overall_mapci_te_boot200,rSO2_Ch3,ET_CO2,6,S07,27.9,28.55,28.225,0.27256186972159285,1.3628093486079642
n10000_overall_mapci_te_boot200,rSO2_Ch3,ET_CO2,7,S08,28.55,29.2,28.875,0.2679205556876465,1.3396027784382325
n10000_overall_mapci_te_boot200,rSO2_Ch3,ET_CO2,8,S09,29.2,29.85,29.525,0.2627861887139287,1.3139309435696436
n10000_overall_mapci_te_boot200,rSO2_Ch3,ET_CO2,9,S10,29.85,30.5,30.175,0.25716041835931563,1.2858020917965782
n10000_overall_mapci_te_boot200,rSO2_Ch3,ET_CO2,10,S11,30.5,31.15,30.825,0.2511725441937298,1.255862720968649
n10000_overall_mapci_te_boot200,rSO2_Ch3,ET_CO2,11,S12,31.15,31.8,31.475,0.2450513753266111,1.2252568766330554
n10000_overall_mapci_te_boot200,rSO2_Ch3,ET_CO2,12,S13,31.8,32.45,32.125,0.23881637055462857,1.194081852773143
n10000_overall_mapci_te_boot200,rSO2_Ch3,ET_CO2,13,S14,32.45,33.1,32.775000000000006,0.23253337610515734,1.1626668805257867
n10000_overall_mapci_te_boot200,rSO2_Ch3,ET_CO2,14,S15,33.1,33.75,33.425,0.22616253579022158,1.130812678951108
n10000_overall_mapci_te_boot200,rSO2_Ch3,ET_CO2,15,S16,33.75,34.4,34.075,0.2197038496098445,1.0985192480492225
n10000_overall_mapci_te_boot200,rSO2_Ch3,ET_CO2,16,S17,34.4,35.05,34.724999999999994,0.2131573175639167,1.0657865878195836
n10000_overall_mapci_te_boot200,rSO2_Ch3,ET_CO2,17,S18,35.05,35.7,35.375,0.20652293965269838,1.0326146982634918
n10000_overall_mapci_te_boot200,rSO2_Ch3,ET_CO2,18,S19,35.7,36.35,36.025000000000006,0.19974924490709983,0.9987462245354992
n10000_overall_mapci_te_boot200,rSO2_Ch3,ET_CO2,19,S20,36.35,37.0,36.675,0.19292789914824415,0.9646394957412208
n10000_overall_mapci_te_boot200,rSO2_Ch3,FiO2_new,0,S01,46.0,48.45,47.225,-0.09035410834121754,-0.4517705417060877
n10000_overall_mapci_te_boot200,rSO2_Ch3,FiO2_new,1,S02,48.45,50.9,49.675,-0.10033299708642097,-0.5016649854321049
n10000_overall_mapci_te_boot200,rSO2_Ch3,FiO2_new,2,S03,50.9,53.35,52.125,-0.08902545184249827,-0.44512725921249136
n10000_overall_mapci_te_boot200,rSO2_Ch3,FiO2_new,3,S04,53.35,55.8,54.575,-0.06056829620010331,-0.30284148100051655
n10000_overall_mapci_te_boot200,rSO2_Ch3,FiO2_new,4,S05,55.8,58.25,57.025,-0.03231523278052878,-0.1615761639026439
n10000_overall_mapci_te_boot200,rSO2_Ch3,FiO2_new,5,S06,58.25,60.7,59.475,-0.008938942256696798,-0.044694711283483984
n10000_overall_mapci_te_boot200,rSO2_Ch3,FiO2_new,6,S07,60.7,63.150000000000006,61.925000000000004,0.00922256971031916,0.046112848551595795
n10000_overall_mapci_te_boot200,rSO2_Ch3,FiO2_new,7,S08,63.150000000000006,65.6,64.375,0.022496833194083594,0.11248416597041797
n10000_overall_mapci_te_boot200,rSO2_Ch3,FiO2_new,8,S09,65.6,68.05,66.82499999999999,0.030600405058120155,0.15300202529060078
n10000_overall_mapci_te_boot200,rSO2_Ch3,FiO2_new,9,S10,68.05,70.5,69.275,0.033710740628749805,0.168553703143749
n10000_overall_mapci_te_boot200,rSO2_Ch3,FiO2_new,10,S11,70.5,72.95,71.725,0.03176249549443119,0.15881247747215596
n10000_overall_mapci_te_boot200,rSO2_Ch3,FiO2_new,11,S12,72.95,75.4,74.17500000000001,0.024758557815658225,0.12379278907829112
n10000_overall_mapci_te_boot200,rSO2_Ch3,FiO2_new,12,S13,75.4,77.85,76.625,0.012895637883854347,0.06447818941927173
n10000_overall_mapci_te_boot200,rSO2_Ch3,FiO2_new,13,S14,77.85,80.30000000000001,79.075,0.0008186371908601414,0.004093185954300707
n10000_overall_mapci_te_boot200,rSO2_Ch3,FiO2_new,14,S15,80.30000000000001,82.75,81.525,-0.00643012825193236,-0.0321506412596618
n10000_overall_mapci_te_boot200,rSO2_Ch3,FiO2_new,15,S16,82.75,85.2,83.975,-0.008513072400929475,-0.042565362004647375
n10000_overall_mapci_te_boot200,rSO2_Ch3,FiO2_new,16,S17,85.2,87.65,86.42500000000001,-0.005439495398378557,-0.02719747699189278
n10000_overall_mapci_te_boot200,rSO2_Ch3,FiO2_new,17,S18,87.65,90.1,88.875,0.0027247536013535584,0.013623768006767793
n10000_overall_mapci_te_boot200,rSO2_Ch3,FiO2_new,18,S19,90.1,92.55000000000001,91.325,0.016132435098683586,0.08066217549341793
n10000_overall_mapci_te_boot200,rSO2_Ch3,FiO2_new,19,S20,92.55000000000001,95.0,93.775,0.03456629145190105,0.17283145725950524
n10000_overall_mapci_te_boot200,rSO2_Ch3,TEMP,0,S01,34.39,34.4965,34.44325,0.9495619245141689,0.47478096225708444
n10000_overall_mapci_te_boot200,rSO2_Ch3,TEMP,1,S02,34.4965,34.603,34.54975,0.9240960982255695,0.46204804911278474
n10000_overall_mapci_te_boot200,rSO2_Ch3,TEMP,2,S03,34.603,34.7095,34.65625,0.8820382683401657,0.44101913417008287
n10000_overall_mapci_te_boot200,rSO2_Ch3,TEMP,3,S04,34.7095,34.816,34.76275,0.8246642504651023,0.41233212523255114
n10000_overall_mapci_te_boot200,rSO2_Ch3,TEMP,4,S05,34.816,34.9225,34.86925,0.7502279557762375,0.37511397788811873
n10000_overall_mapci_te_boot200,rSO2_Ch3,TEMP,5,S06,34.9225,35.029,34.975750000000005,0.6608549944398666,0.3304274972199333
n10000_overall_mapci_te_boot200,rSO2_Ch3,TEMP,6,S07,35.029,35.1355,35.08225,0.5541853018307623,0.27709265091538116
n10000_overall_mapci_te_boot200,rSO2_Ch3,TEMP,7,S08,35.1355,35.242000000000004,35.18875,0.43600737880019885,0.21800368940009943
n10000_overall_mapci_te_boot200,rSO2_Ch3,TEMP,8,S09,35.242000000000004,35.3485,35.29525,0.329326176475983,0.1646630882379915
n10000_overall_mapci_te_boot200,rSO2_Ch3,TEMP,9,S10,35.3485,35.455,35.40175,0.24915868373284328,0.12457934186642164
n10000_overall_mapci_te_boot200,rSO2_Ch3,TEMP,10,S11,35.455,35.5615,35.508250000000004,0.1944310107820167,0.09721550539100834
n10000_overall_mapci_te_boot200,rSO2_Ch3,TEMP,11,S12,35.5615,35.668,35.61475,0.16584351547922477,0.08292175773961238
n10000_overall_mapci_te_boot200,rSO2_Ch3,TEMP,12,S13,35.668,35.7745,35.72125,0.16309462963544719,0.08154731481772359
n10000_overall_mapci_te_boot200,rSO2_Ch3,TEMP,13,S14,35.7745,35.881,35.82775,0.18623958345523123,0.09311979172761561
n10000_overall_mapci_te_boot200,rSO2_Ch3,TEMP,14,S15,35.881,35.987500000000004,35.934250000000006,0.2353170330347847,0.11765851651739236
n10000_overall_mapci_te_boot200,rSO2_Ch3,TEMP,15,S16,35.987500000000004,36.094,36.04075,0.31034688766219704,0.15517344383109852
n10000_overall_mapci_te_boot200,rSO2_Ch3,TEMP,16,S17,36.094,36.200500000000005,36.14725,0.41109777941688225,0.20554888970844112
n10000_overall_mapci_te_boot200,rSO2_Ch3,TEMP,17,S18,36.200500000000005,36.307,36.253750000000004,0.5378221492860132,0.2689110746430066
n10000_overall_mapci_te_boot200,rSO2_Ch3,TEMP,18,S19,36.307,36.413500000000006,36.36025000000001,0.6820685372099655,0.34103426860498276
n10000_overall_mapci_te_boot200,rSO2_Ch3,TEMP,19,S20,36.413500000000006,36.52,36.466750000000005,0.8107983520078835,0.40539917600394176
