run_id,ycol,xvar,bin_idx,bin_label,mean_slope
n10000_overall_mapci_te_boot200,rSO2_Ch1,ET_CO2,0,Q0-10,0.3576743252849053
n10000_overall_mapci_te_boot200,rSO2_Ch1,ET_CO2,1,Q10-20,0.41132836795027256
n10000_overall_mapci_te_boot200,rSO2_Ch1,ET_CO2,2,Q20-30,0.4446409199624889
n10000_overall_mapci_te_boot200,rSO2_Ch1,ET_CO2,3,Q30-40,0.5108441198507592
n10000_overall_mapci_te_boot200,rSO2_Ch1,ET_CO2,4,Q40-50,0.595244129756845
n10000_overall_mapci_te_boot200,rSO2_Ch1,ET_CO2,5,Q50-60,0.6096847354596362
n10000_overall_mapci_te_boot200,rSO2_Ch1,ET_CO2,6,Q60-70,0.5217648422176069
n10000_overall_mapci_te_boot200,rSO2_Ch1,ET_CO2,7,Q70-80,0.3705842973426851
n10000_overall_mapci_te_boot200,rSO2_Ch1,ET_CO2,8,Q80-90,0.215065828870989
n10000_overall_mapci_te_boot200,rSO2_Ch1,ET_CO2,9,Q90-100,0.11029678181956211
n10000_overall_mapci_te_boot200,rSO2_Ch1,FiO2_new,0,Q0-10,0.008582314511758874
n10000_overall_mapci_te_boot200,rSO2_Ch1,FiO2_new,1,Q10-20,-0.028536573110598182
n10000_overall_mapci_te_boot200,rSO2_Ch1,FiO2_new,2,Q20-30,-0.04102291446614004
n10000_overall_mapci_te_boot200,rSO2_Ch1,FiO2_new,3,Q30-40,0.03225366969890883
n10000_overall_mapci_te_boot200,rSO2_Ch1,FiO2_new,4,Q40-50,0.07106884992046819
n10000_overall_mapci_te_boot200,rSO2_Ch1,FiO2_new,5,Q50-60,0.0024923093883207534
n10000_overall_mapci_te_boot200,rSO2_Ch1,FiO2_new,6,Q60-70,-0.038274440499325775
n10000_overall_mapci_te_boot200,rSO2_Ch1,FiO2_new,7,Q70-80,0.15656759709039234
n10000_overall_mapci_te_boot200,rSO2_Ch1,FiO2_new,8,Q80-90,0.09785653001144429
n10000_overall_mapci_te_boot200,rSO2_Ch1,FiO2_new,9,Q90-100,-0.01053852900938102
n10000_overall_mapci_te_boot200,rSO2_Ch1,TEMP,0,Q0-10,1.0442129341589947
n10000_overall_mapci_te_boot200,rSO2_Ch1,TEMP,1,Q10-20,0.8130198146960639
n10000_overall_mapci_te_boot200,rSO2_Ch1,TEMP,2,Q20-30,0.6604146048838907
n10000_overall_mapci_te_boot200,rSO2_Ch1,TEMP,3,Q30-40,0.2846682966324402
n10000_overall_mapci_te_boot200,rSO2_Ch1,TEMP,4,Q40-50,-0.11037880024804912
n10000_overall_mapci_te_boot200,rSO2_Ch1,TEMP,5,Q50-60,0.10532316967923332
n10000_overall_mapci_te_boot200,rSO2_Ch1,TEMP,6,Q60-70,0.2894317600868008
n10000_overall_mapci_te_boot200,rSO2_Ch1,TEMP,7,Q70-80,-0.810167424804288
n10000_overall_mapci_te_boot200,rSO2_Ch1,TEMP,8,Q80-90,-1.3333576432213097
n10000_overall_mapci_te_boot200,rSO2_Ch1,TEMP,9,Q90-100,-1.227513182841843
n10000_overall_mapci_te_boot200,rSO2_Ch2,ET_CO2,0,Q0-10,0.15546875750416703
n10000_overall_mapci_te_boot200,rSO2_Ch2,ET_CO2,1,Q10-20,0.32400766542933623
n10000_overall_mapci_te_boot200,rSO2_Ch2,ET_CO2,2,Q20-30,0.4152887314575682
n10000_overall_mapci_te_boot200,rSO2_Ch2,ET_CO2,3,Q30-40,0.48199423260402025
n10000_overall_mapci_te_boot200,rSO2_Ch2,ET_CO2,4,Q40-50,0.5676317432466094
n10000_overall_mapci_te_boot200,rSO2_Ch2,ET_CO2,5,Q50-60,0.6153663442530077
n10000_overall_mapci_te_boot200,rSO2_Ch2,ET_CO2,6,Q60-70,0.5539343066809563
n10000_overall_mapci_te_boot200,rSO2_Ch2,ET_CO2,7,Q70-80,0.4104868454253676
n10000_overall_mapci_te_boot200,rSO2_Ch2,ET_CO2,8,Q80-90,0.2990192380175311
n10000_overall_mapci_te_boot200,rSO2_Ch2,ET_CO2,9,Q90-100,0.2525113716371379
n10000_overall_mapci_te_boot200,rSO2_Ch2,FiO2_new,0,Q0-10,0.04947806696581219
n10000_overall_mapci_te_boot200,rSO2_Ch2,FiO2_new,1,Q10-20,-0.046011885076165666
n10000_overall_mapci_te_boot200,rSO2_Ch2,FiO2_new,2,Q20-30,0.009402862590274057
n10000_overall_mapci_te_boot200,rSO2_Ch2,FiO2_new,3,Q30-40,0.003987864853354179
n10000_overall_mapci_te_boot200,rSO2_Ch2,FiO2_new,4,Q40-50,0.07599451797392713
n10000_overall_mapci_te_boot200,rSO2_Ch2,FiO2_new,5,Q50-60,0.0032127127077935646
n10000_overall_mapci_te_boot200,rSO2_Ch2,FiO2_new,6,Q60-70,0.032407762311778124
n10000_overall_mapci_te_boot200,rSO2_Ch2,FiO2_new,7,Q70-80,0.14482122230408992
n10000_overall_mapci_te_boot200,rSO2_Ch2,FiO2_new,8,Q80-90,0.008412791300441333
n10000_overall_mapci_te_boot200,rSO2_Ch2,FiO2_new,9,Q90-100,0.1254180489417225
n10000_overall_mapci_te_boot200,rSO2_Ch2,TEMP,0,Q0-10,2.3363265240859334
n10000_overall_mapci_te_boot200,rSO2_Ch2,TEMP,1,Q10-20,1.9147461061016
n10000_overall_mapci_te_boot200,rSO2_Ch2,TEMP,2,Q20-30,0.5210492722143398
n10000_overall_mapci_te_boot200,rSO2_Ch2,TEMP,3,Q30-40,-0.6425398652121809
n10000_overall_mapci_te_boot200,rSO2_Ch2,TEMP,4,Q40-50,-0.3412117104891447
n10000_overall_mapci_te_boot200,rSO2_Ch2,TEMP,5,Q50-60,0.9726522098402989
n10000_overall_mapci_te_boot200,rSO2_Ch2,TEMP,6,Q60-70,1.118077213692244
n10000_overall_mapci_te_boot200,rSO2_Ch2,TEMP,7,Q70-80,0.12430638850994707
n10000_overall_mapci_te_boot200,rSO2_Ch2,TEMP,8,Q80-90,-0.9128457338201011
n10000_overall_mapci_te_boot200,rSO2_Ch2,TEMP,9,Q90-100,-3.837918012716729
n10000_overall_mapci_te_boot200,rSO2_Ch3,ET_CO2,0,Q0-10,0.291742204213196
n10000_overall_mapci_te_boot200,rSO2_Ch3,ET_CO2,1,Q10-20,0.2874885151150026
n10000_overall_mapci_te_boot200,rSO2_Ch3,ET_CO2,2,Q20-30,0.2739525197328526
n10000_overall_mapci_te_boot200,rSO2_Ch3,ET_CO2,3,Q30-40,0.2514902937464143
n10000_overall_mapci_te_boot200,rSO2_Ch3,ET_CO2,4,Q40-50,0.22444611433459252
n10000_overall_mapci_te_boot200,rSO2_Ch3,ET_CO2,5,Q50-60,0.19569464317901955
n10000_overall_mapci_te_boot200,rSO2_Ch3,ET_CO2,6,Q60-70,0.1653573842797521
n10000_overall_mapci_te_boot200,rSO2_Ch3,ET_CO2,7,Q70-80,0.13725432712142074
n10000_overall_mapci_te_boot200,rSO2_Ch3,ET_CO2,8,Q80-90,0.11715835734391236
n10000_overall_mapci_te_boot200,rSO2_Ch3,ET_CO2,9,Q90-100,0.10555763110976435
n10000_overall_mapci_te_boot200,rSO2_Ch3,FiO2_new,0,Q0-10,0.27180372714957063
n10000_overall_mapci_te_boot200,rSO2_Ch3,FiO2_new,1,Q10-20,0.006469983041432512
n10000_overall_mapci_te_boot200,rSO2_Ch3,FiO2_new,2,Q20-30,-0.09343917685004044
n10000_overall_mapci_te_boot200,rSO2_Ch3,FiO2_new,3,Q30-40,-0.047722776221153
n10000_overall_mapci_te_boot200,rSO2_Ch3,FiO2_new,4,Q40-50,0.011861504999759612
n10000_overall_mapci_te_boot200,rSO2_Ch3,FiO2_new,5,Q50-60,0.03230153697072464
n10000_overall_mapci_te_boot200,rSO2_Ch3,FiO2_new,6,Q60-70,0.014507349448072502
n10000_overall_mapci_te_boot200,rSO2_Ch3,FiO2_new,7,Q70-80,-0.0068924931633852615
n10000_overall_mapci_te_boot200,rSO2_Ch3,FiO2_new,8,Q80-90,0.009344195193248892
n10000_overall_mapci_te_boot200,rSO2_Ch3,FiO2_new,9,Q90-100,0.06551076848053267
n10000_overall_mapci_te_boot200,rSO2_Ch3,TEMP,0,Q0-10,0.9344910370748745
n10000_overall_mapci_te_boot200,rSO2_Ch3,TEMP,1,Q10-20,0.9274580355665749
n10000_overall_mapci_te_boot200,rSO2_Ch3,TEMP,2,Q20-30,0.7470869201750424
n10000_overall_mapci_te_boot200,rSO2_Ch3,TEMP,3,Q30-40,0.41452455503897706
n10000_overall_mapci_te_boot200,rSO2_Ch3,TEMP,4,Q40-50,0.18659076323907206
n10000_overall_mapci_te_boot200,rSO2_Ch3,TEMP,5,Q50-60,0.235123578485804
n10000_overall_mapci_te_boot200,rSO2_Ch3,TEMP,6,Q60-70,0.5583882396405974
n10000_overall_mapci_te_boot200,rSO2_Ch3,TEMP,7,Q70-80,0.9235709916756983
n10000_overall_mapci_te_boot200,rSO2_Ch3,TEMP,8,Q80-90,0.9778933533689143
n10000_overall_mapci_te_boot200,rSO2_Ch3,TEMP,9,Q90-100,0.6962139052784551
